{"config":{"destFold":"","FontPath":"blob:https://chinese-font.netlify.app/0e1a1c91-fd07-44b7-bc0d-2c516244c3ad","previewImage":{},"threads":{},"fontPath":"blob:https://chinese-font.netlify.app/0e1a1c91-fd07-44b7-bc0d-2c516244c3ad"},"message":{"macintosh":{"fontFamily":{"en":"_____"},"fontSubfamily":{"en":"Regular"},"fullName":{"en":"_____"},"version":{"en":"Version 3.000"},"postScriptName":{"en":"ChillRoundF"}},"windows":{"copyright":{"zh-TW":"{Kosugi Maru}{Justfont}{Maoken}{ChillType}\nCopyright(C)2010 MOTOYA CO.,LTD.","en":"{Kosugi Maru}{Justfont}{Maoken}{ChillType}\nCopyright(C)2010 MOTOYA CO.,LTD.","zh":"{Kosugi Maru}{Justfont}{Maoken}{ChillType}\nCopyright(C)2010 MOTOYA CO.,LTD."},"fontFamily":{"zh-TW":"寒蝉全圆体","en":"寒蝉全圆体","zh":"寒蝉全圆体"},"fontSubfamily":{"zh-TW":"Regular","en":"Regular","zh":"Regular"},"fullName":{"zh-TW":"寒蝉全圆体","en":"寒蝉全圆体","zh":"寒蝉全圆体"},"preferredFamily":{"zh-TW":"ChillRoundF","en":"ChillRoundF","zh":"寒蝉全圆体"},"preferredSubfamily":{"zh-TW":"Regular","en":"Regular","zh":"Regular"},"uniqueID":{"en":"3.000;CTQY;ChillRoundF"},"version":{"en":"Version 3.000"},"postScriptName":{"en":"ChillRoundF"},"trademark":{"en":"Justfont&Maoken&ChillType"},"manufacturer":{"en":"ChillType"},"designer":{"en":"Warren2060\n      Designed by Motoya company      \n\n      [Varela Round]\n      Joe Prince(Latin component); Avraham Cornfeld(Hebrew component)     \n\n      [jf open huninn]\n      Chiaki.C, Bold, GoRong, Rose, Yunshan(Traditional chinese characters); GoRong(Diacritics); Chiaki.C, Bold(bopomofo); Michael(Programming)"},"description":{"en":"基于 Kosugi Maru（小杉圆体）、jf open 粉圆、猫啃糖圆体改作。西文为开源字体 Varela Round，由justfont调整时添加。 调整优化补充为适合国内的排版字体，可由GitHub下载最新版。"},"designerURL":{"en":"https://github.com/Warren2060"},"license":{"en":"This Font Software is licensed under the SIL Open Font License, Version 1.1. This Font Software is distributed on an \"AS IS\" BASIS, WITHOUT WARRANTIES OR CONDITIONS OF ANY KIND, either express or implied. See the SIL Open Font License for the specific language, permissions and limitations governing your use of this Font Software."},"licenseURL":{"en":"http://scripts.sil.org/OFL"},"sampleText":{"zh":"野田春水碧於鏡。"}}},"data":[{"name":"a02aef4f34fe4f1259954ee40a3cfe05.woff2","size":49768,"chars":"U+9431-9433,U+9435-9436,U+9438,U+943a,U+943d,U+943f-9441,U+9444-9445,U+9448,U+944a,U+944c,U+9451-9454,U+945a-945b,U+945e,U+9460,U+9462-9463,U+9465,U+946a,U+946d,U+9470-9472,U+9475-9477,U+9479,U+947c-947f,U+9481,U+94fb,U+951c,U+9555,U+955a,U+9560,U+9574-9575,U+9577,U+9580,U+9582-9583,U+9586-9587,U+9589-958c,U+958e-958f,U+9591-9596,U+9598-9599,U+95a0-95a5,U+95a7-95ad,U+95b1-95b2,U+95b6,U+95b9-95bf,U+95c3,U+95c6-95c8,U+95ca-95cd,U+95d0,U+95d3-95d8,U+95dc,U+95de,U+95e1-95e2,U+95e5,U+95ff,U+9607,U+9628,U+962f,U+964f,U+9658,U+965c-965e,U+9663,U+9665-9666,U+9670,U+9673,U+9678,U+967a,U+967d,U+9683-9684,U+968a,U+968e,U+9695,U+969b,U+969d,U+96a0-96a1,U+96a3,U+96a8,U+96aa,U+96af,U+96b1-96b2,U+96b4,U+96b7-96b8,U+96bb,U+96cb,U+96d1,U+96d6,U+96d9,U+96db-96dc,U+96de,U+96e2-96e3,U+96eb,U+96f0-96f2,U+96fa-96fb,U+9702,U+970a,U+9711,U+9719,U+971d,U+9720,U+9724,U+9727-9728,U+9733,U+973b,U+973d,U+9742-9744,U+9746,U+9748-9749,U+974d,U+974f,U+9751,U+9755,U+9757,U+975a,U+975c","diff":0,"charsSize":187},{"name":"9b4cf79c1aa7b78f637706536e121ce4.woff2","size":48616,"chars":"U+908f-9090,U+909c,U+90a0,U+90a8,U+90c3,U+90de-90df,U+90e4,U+90f5,U+90f7,U+90fc,U+90ff-9100,U+9106,U+9109,U+9112,U+9114-9116,U+9127,U+912d,U+9130,U+9132,U+9134,U+9136,U+913a,U+9147-9148,U+9154,U+9156,U+9158,U+9173,U+917a,U+9182-9183,U+9196-9197,U+919c,U+919e,U+91a1,U+91a4,U+91ab-91ac,U+91b1,U+91b8-91b9,U+91c0-91c1,U+91c3,U+91c5-91c6,U+91c8,U+91cb,U+91d0,U+91d2-91db,U+91dd-91df,U+91e1,U+91e3-91e7,U+91e9,U+91ed-91ee,U+91f5-91f7,U+91f9-91fa,U+91fc,U+91ff-920a,U+920d-920e,U+9210-9211,U+9214-9215,U+9217,U+921c,U+921e,U+9223-9227,U+9229-922a,U+922c,U+922e,U+9230-9231,U+9233-923a,U+923c-9240,U+9244-9245,U+9248-9249,U+924b-924e,U+9250-9251,U+9254-9255,U+9257,U+9259-925b,U+925d-925e,U+9262,U+9264,U+9266-9267,U+926b-926d,U+926f,U+9271,U+9277-9278,U+927a-927c,U+927e-9280,U+9283,U+9285-9286,U+9288,U+928d,U+9291,U+9293,U+9295-9296,U+9298,U+929a-929c,U+92a0,U+92a3,U+92a5-92ad,U+92b1-92b3,U+92b7,U+92b9,U+92bb-92bc,U+92c1-92c3,U+92c5-92c7,U+92c9-92ca,U+92cc,U+92cf-92d3,U+92d5,U+92d7,U+92d9,U+92dd,U+92df-92e0,U+92e3-92e4","diff":0,"charsSize":216},{"name":"7d617594f60e79c1e49896f1b46fc924.woff2","size":47924,"chars":"U+8dc8,U+8dcd,U+8dd0,U+8dd4-8dd5,U+8dd9,U+8de1,U+8de9,U+8df6,U+8dfc,U+8dff,U+8e04,U+8e08,U+8e0e,U+8e10,U+8e12,U+8e1c,U+8e2b,U+8e2d,U+8e30,U+8e34,U+8e4c,U+8e50,U+8e53-8e55,U+8e58,U+8e5a-8e5b,U+8e5f-8e60,U+8e63-8e64,U+8e67,U+8e73,U+8e7a,U+8e7d-8e7e,U+8e82,U+8e84,U+8e89-8e8b,U+8e8d,U+8e91-8e93,U+8e95,U+8e98-8e9a,U+8ea1,U+8ea5-8ea6,U+8eaa,U+8ead,U+8eb0-8eb1,U+8ebc-8ebe,U+8ec0-8ec1,U+8ec5-8ec6,U+8ec8,U+8eca-8ecd,U+8ecf,U+8ed2,U+8ed4,U+8eda-8edb,U+8edf,U+8ee2-8ee4,U+8eeb,U+8ef2,U+8ef8-8efe,U+8f03,U+8f05,U+8f07,U+8f09-8f0c,U+8f12-8f15,U+8f19,U+8f1b-8f1f,U+8f25-8f26,U+8f29-8f2a,U+8f2d,U+8f2f,U+8f33,U+8f38-8f39,U+8f3b,U+8f3e-8f3f,U+8f42,U+8f44-8f46,U+8f49,U+8f4c-8f4e,U+8f54,U+8f57,U+8f5c,U+8f5f,U+8f61-8f64,U+8fa6-8fa7,U+8fad-8faf,U+8fb2-8fb3,U+8fb5,U+8fb7,U+8fba-8fbc,U+8fbf,U+8fc6,U+8fcc,U+8fd2,U+8fda,U+8fef,U+8ff4-8ff5,U+8ffa,U+900e,U+9013,U+9015,U+9019,U+9023-9024,U+9027,U+9029,U+9031-9032,U+9039,U+9045,U+9049-904b,U+904e,U+9054-9056,U+9059,U+905c-905e,U+9060-9061,U+9067,U+9069,U+906f-9070,U+9072,U+9076-907a,U+907c,U+9081,U+9084,U+9087,U+9089-908a","diff":0,"charsSize":195},{"name":"585cc151a4a5865bba56a7b22bb522a9.woff2","size":49388,"chars":"U+8ae7,U+8aea-8aeb,U+8aed-8aee,U+8af1,U+8af3-8af4,U+8af6-8af8,U+8afa,U+8afc,U+8afe,U+8b00-8b02,U+8b04-8b05,U+8b0a,U+8b0c,U+8b0e,U+8b10,U+8b13-8b14,U+8b16-8b17,U+8b19-8b1b,U+8b1d,U+8b20-8b22,U+8b28,U+8b2b-8b2d,U+8b33,U+8b39,U+8b3c,U+8b3e,U+8b40-8b41,U+8b49,U+8b4c,U+8b4e-8b4f,U+8b53-8b54,U+8b56,U+8b58-8b5c,U+8b5f,U+8b6b,U+8b6d,U+8b6f-8b72,U+8b74,U+8b77,U+8b7d,U+8b7f-8b80,U+8b83,U+8b8a,U+8b8c,U+8b8e,U+8b90,U+8b92-8b93,U+8b95-8b96,U+8b99-8b9a,U+8b9c,U+8b9e,U+8c3a,U+8c3f,U+8c48,U+8c4a,U+8c4d-8c4e,U+8c50-8c51,U+8c54,U+8c68,U+8c6c-8c6d,U+8c7c,U+8c8d-8c8e,U+8c93,U+8c9d-8c9e,U+8ca0-8ca2,U+8ca7-8cb0,U+8cb2-8cb4,U+8cb6-8cb8,U+8cba-8cbd,U+8cbf-8cc5,U+8cc7-8cc8,U+8cca,U+8ccd-8cce,U+8cd1-8cd3,U+8cd5,U+8cda-8cdc,U+8cde,U+8ce0-8ce4,U+8ce6-8ce7,U+8cea-8ced,U+8cf0,U+8cf4,U+8cf8,U+8cfa-8cfe,U+8d04-8d05,U+8d07-8d08,U+8d0a-8d0d,U+8d0f-8d10,U+8d12-8d14,U+8d16-8d17,U+8d1b-8d1c,U+8d5f,U+8d6e,U+8d71,U+8d92,U+8d95-8d96,U+8d99,U+8da8,U+8daf,U+8db2,U+8dc1-8dc2","diff":0,"charsSize":190},{"name":"13d540555b519131ea877b49466a8a04.woff2","size":50608,"chars":"U+884e,U+8852-8853,U+8856,U+885b,U+885d-885e,U+886a,U+8875,U+8879,U+8893,U+8897,U+8899-889a,U+889e,U+88aa,U+88ae,U+88b0,U+88b4-88b5,U+88bf,U+88c3-88c4,U+88c7,U+88ca,U+88cc,U+88cf,U+88d1,U+88dc-88dd,U+88e1,U+88f2,U+88f5,U+88fd,U+8900,U+8904,U+8907,U+890c,U+8914-8915,U+8918,U+891c-891f,U+8932-8933,U+8938,U+893b,U+8940,U+8943,U+8947,U+894c-894d,U+8956,U+895d,U+8960,U+8964,U+896a,U+896c-896d,U+896f,U+8972,U+8974,U+8977,U+897e,U+8982,U+8985,U+8987-8988,U+898a-898b,U+898f,U+8993,U+8995-8998,U+899a,U+89a1,U+89a6-89a7,U+89a9-89aa,U+89ac,U+89af,U+89b2-89b3,U+89b7,U+89ba,U+89bd,U+89bf-89c0,U+89d4,U+89dd,U+89e7,U+89e9,U+89f1,U+89f4,U+89f6,U+89f8,U+8a01-8a04,U+8a08,U+8a0a,U+8a0c,U+8a0e-8a10,U+8a12-8a13,U+8a15-8a18,U+8a1a-8a1b,U+8a1d,U+8a1f,U+8a22-8a23,U+8a25,U+8a2a-8a2b,U+8a2d,U+8a31,U+8a33-8a34,U+8a36-8a37,U+8a3a-8a3c,U+8a41,U+8a45-8a46,U+8a4e-8a52,U+8a54-8a55,U+8a57-8a58,U+8a5b,U+8a5e,U+8a60-8a63,U+8a66,U+8a68-8a69,U+8a6b-8a6e,U+8a70-8a73,U+8a75,U+8a7c,U+8a7f,U+8a82,U+8a84-8a87,U+8a8c-8a8d,U+8a8f-8a92,U+8a95,U+8a98,U+8a9a,U+8a9e,U+8aa0-8aa1,U+8aa3-8aa8,U+8aaa,U+8aac-8aad,U+8ab0,U+8ab2,U+8ab6,U+8ab9,U+8abc,U+8abe-8abf,U+8ac2,U+8ac4,U+8ac6-8ac7,U+8ac9,U+8acb-8acd,U+8acf,U+8ad1-8ad2,U+8ad6-8ad7,U+8ada-8adc,U+8ade-8ae2,U+8ae4,U+8ae6","diff":0,"charsSize":223},{"name":"581e5ff2ba2ba9027f68a9831c7a69e2.woff2","size":51544,"chars":"U+7fcd,U+7fd2,U+7fda,U+7feb-7fec,U+7ff8-7ffa,U+7ffe,U+800e,U+8011,U+801e,U+8021,U+802c,U+802e,U+8056,U+805e-805f,U+8061-8062,U+8068,U+806c,U+806f-8070,U+8072-8077,U+8079,U+807d-807e,U+8085,U+808f,U+80a8,U+80ac,U+80c7,U+80d0,U+80d8,U+80e0,U+80ee,U+80ff,U+8105,U+8107-8108,U+8115,U+811b,U+8122-8123,U+8125,U+8127,U+8129,U+812b,U+8130,U+8133,U+8137,U+8139,U+813d,U+814d-814e,U+8156,U+815f,U+8161,U+8166,U+816b,U+8173,U+8178,U+8181,U+8183,U+818b,U+818e,U+8193,U+8195,U+8199-819a,U+81a0,U+81a4,U+81a9,U+81ad,U+81b0,U+81b5-81b6,U+81b8,U+81bd-81bf,U+81c8-81c9,U+81cd,U+81cf,U+81d1,U+81d3,U+81d8-81da,U+81dc,U+81df-81e0,U+81e2,U+81e5,U+81e8,U+81fa,U+81fd,U+8207-820a,U+820e,U+8216-8218,U+8229,U+822e,U+8232,U+823a,U+8240,U+8257,U+8259,U+825d,U+8262,U+8264,U+8266,U+826a-826b,U+8271,U+8276-8278,U+8283,U+829b,U+82a0,U+82a2-82a3,U+82b6,U+82bb-82bc,U+82c5,U+82d9,U+82e7,U+82f3,U+82fa,U+82fe,U+8300,U+830d,U+8313,U+8316,U+8318,U+831d-831e,U+8323,U+8332,U+833f,U+8345,U+834a,U+834d,U+8356,U+8358,U+8362,U+8373,U+8375,U+837a,U+837f,U+8382,U+8387,U+838a,U+8396,U+8399-839a,U+839f,U+83a2-83a3,U+83a7,U+83af,U+83b5,U+83bf,U+83c2,U+83c8-83c9,U+83ce,U+83d3,U+83e3,U+83eb,U+83ef,U+83f4,U+83f6-83f7,U+83fb,U+83ff,U+8407,U+840a,U+8413,U+8420,U+8422-8423,U+8429-842a,U+842c-842d,U+8432,U+8435,U+8447-8449,U+844e,U+8452,U+8462,U+8464,U+8466,U+846e-846f,U+8477,U+8479,U+8484,U+848d,U+8490,U+8493-8494","diff":0,"charsSize":218},{"name":"e30bedc63444060f0f54548a6d09e0e2.woff2","size":52228,"chars":"U+7bcb,U+7bcf,U+7bdb,U+7be0,U+7be4,U+7be9,U+7bed,U+7bf3-7bf4,U+7bf6,U+7bf8,U+7c00,U+7c0d,U+7c11-7c14,U+7c17,U+7c1e,U+7c21,U+7c23,U+7c2b,U+7c37,U+7c3d-7c3e,U+7c43,U+7c4c,U+7c4f-7c50,U+7c54,U+7c56-7c59,U+7c5c,U+7c5f-7c60,U+7c63-7c65,U+7c69-7c6a,U+7c6c,U+7c6e,U+7c72,U+7c75,U+7c79,U+7c7e,U+7c81-7c85,U+7c8b,U+7c8d,U+7c90,U+7c9b,U+7ca1,U+7ca7-7ca9,U+7cab,U+7cad,U+7cb5,U+7cba,U+7cbf-7cc0,U+7cc2,U+7cc9,U+7ccb,U+7cce,U+7cd2,U+7cd8,U+7cdd-7cde,U+7ce2,U+7ce7,U+7cec-7ced,U+7cf0,U+7cf2,U+7cf4,U+7cf6,U+7cf9-7cfa,U+7cfe,U+7d00,U+7d02,U+7d04-7d09,U+7d0b,U+7d0d,U+7d10-7d11,U+7d13-7d15,U+7d17-7d1d,U+7d21,U+7d29,U+7d2c,U+7d2e,U+7d30-7d33,U+7d35,U+7d39-7d3a,U+7d3c,U+7d3f-7d40,U+7d42-7d46,U+7d48,U+7d4b-7d4c,U+7d4e-7d50,U+7d55-7d56,U+7d5a-7d5e,U+7d61-7d63,U+7d66,U+7d68,U+7d6a,U+7d6d,U+7d71-7d73,U+7d75-7d76,U+7d79,U+7d7d,U+7d80-7d81,U+7d83,U+7d86,U+7d88-7d89,U+7d8f,U+7d91,U+7d93,U+7d99-7da0,U+7da2-7da3,U+7daa-7dad,U+7daf-7db5,U+7db7-7dbb,U+7dbd-7dbf","diff":0,"charsSize":192},{"name":"c9b44aeb0cb8fc0641fd17fa52f10385.woff2","size":55260,"chars":"U+779e,U+77a8,U+77ad,U+77b6,U+77b9,U+77bc,U+77c7,U+77d3,U+77da,U+77de,U+77ef,U+77fa-77fc,U+7804,U+7815,U+781b,U+7820-7821,U+7832,U+7835,U+783f,U+7843,U+784d,U+7853,U+785a,U+785e,U+7864,U+7868-7869,U+786f,U+7872,U+7874,U+787a,U+787f,U+7881,U+7886,U+7895-7896,U+78a9-78ab,U+78ad,U+78af,U+78b5,U+78b8,U+78ba,U+78bc,U+78c6,U+78d1,U+78d8,U+78da,U+78df,U+78e1,U+78e3,U+78e7,U+78ef,U+78f3,U+78fd,U+7907,U+790e,U+7910-7912,U+7919,U+7921,U+7926,U+792a-792c,U+792e,U+7930-7931,U+793d,U+7942,U+7947,U+794e-7950,U+7955,U+7964,U+797c,U+797e-797f,U+7987,U+798d-798e,U+7994-7995,U+799b,U+799d,U+799f,U+79a2,U+79a4,U+79a6,U+79a9-79aa,U+79ae,U+79b0-79b1,U+79bf,U+79c2,U+79c8,U+79dc-79dd,U+79e1,U+79e5,U+79ea,U+79ec,U+79ee,U+79fe,U+7a05,U+7a08,U+7a11,U+7a18-7a19,U+7a1c,U+7a1f,U+7a2e-7a2f,U+7a31-7a32,U+7a34,U+7a3e,U+7a40,U+7a42-7a43,U+7a47,U+7a49,U+7a4c-7a50,U+7a56,U+7a60-7a63,U+7a69,U+7a6b,U+7a7d,U+7a93,U+7a9e,U+7aa3,U+7aa9-7aaa,U+7aae-7ab0,U+7ab5-7ab6,U+7ab8,U+7aba,U+7ac3-7ac5,U+7ac7-7ac8,U+7aca,U+7acd,U+7acf,U+7ad1-7ad3,U+7ad5,U+7ada,U+7adc-7add,U+7ae1-7ae2,U+7ae4,U+7ae7,U+7aea-7aeb,U+7af0,U+7af3,U+7af5-7af6,U+7af8,U+7afb,U+7b02,U+7b10,U+7b12,U+7b18,U+7b2d,U+7b35-7b36,U+7b39,U+7b46,U+7b48,U+7b4a,U+7b4d-7b4e,U+7b65,U+7b67,U+7b6c,U+7b70,U+7b73-7b74,U+7b7a,U+7b82,U+7b86-7b87,U+7b8b,U+7b8e-7b8f,U+7b92-7b93,U+7b96,U+7b98-7b9a,U+7b9e-7ba0,U+7bc0,U+7bc4,U+7bc9","diff":0,"charsSize":219},{"name":"78c8fff8929ded531e4d5eb8ac9c4c27.woff2","size":52792,"chars":"U+740d,U+7421,U+7423-7424,U+7429,U+742b,U+742f,U+7432,U+7439-743a,U+743f-7440,U+7442,U+7444,U+7448,U+744b,U+7452,U+7454,U+745d,U+7460,U+7462-7464,U+7467-746a,U+746e-746f,U+7471-7473,U+747a,U+747d,U+7486,U+7488-748a,U+7498,U+749d,U+749f-74a0,U+74a2-74a3,U+74a5-74a6,U+74aa,U+74b0,U+74b5,U+74b8,U+74bb,U+74bd,U+74bf,U+74c5,U+74c8,U+74ca,U+74cc,U+74cf,U+74d4,U+74d6,U+74d8,U+74da-74db,U+74e7,U+74e9,U+74f0-74f2,U+74f8,U+7501,U+7503,U+7505,U+750c,U+750e,U+7515,U+751e,U+7521-7523,U+7526,U+752a,U+7534,U+753c-753d,U+7544,U+7546-7547,U+7549-754a,U+754d,U+7551,U+755d,U+7560,U+7562,U+7564,U+7567,U+7569,U+756b-756d,U+756f-7570,U+7573,U+7576-7577,U+7582,U+7587,U+7589-758a,U+758e,U+7595,U+75a7,U+75aa,U+75ad,U+75b6,U+75ba,U+75c0,U+75cc,U+75d9-75da,U+75df-75e1,U+75e9,U+75f2-75f3,U+75fa,U+75fe,U+7602,U+7606,U+7609,U+760b,U+760d,U+7613,U+7616,U+761c-761e,U+7621,U+7627,U+763a-763b,U+7642,U+7646-7649,U+7652,U+7657-7658,U+765f-7662,U+7664-7665,U+7667-766a,U+766c-766e,U+7670-7672,U+7676,U+767a,U+767c,U+7680,U+7683,U+7690,U+769a-769c,U+769e,U+76a6,U+76aa,U+76b0,U+76b7-76ba,U+76c3,U+76c9,U+76dc,U+76de,U+76e1,U+76e3-76e4,U+76e6-76e7,U+76ea,U+76f7,U+76fb,U+7701,U+770a,U+770c,U+771b,U+771e,U+7721,U+7724-7725,U+772c,U+773e,U+7744,U+7746,U+774e-774f,U+775c,U+775e,U+776a,U+776d,U+777a,U+7787,U+778b,U+7793,U+7798,U+779c","diff":0,"charsSize":219},{"name":"ef9bc52964f5bc337de30346778ca960.woff2","size":58580,"chars":"U+7028,U+702c,U+7030,U+7032-7033,U+703e,U+7043-7044,U+7047,U+704d,U+7051,U+7055,U+7058,U+705d,U+7060,U+7063-7064,U+7067,U+7069,U+707d,U+7086,U+7098,U+70a3-70a4,U+70b0,U+70b5,U+70ba,U+70cb-70cc,U+70cf,U+70d4,U+70da,U+70dc-70dd,U+70f0-70f1,U+70f3-70f4,U+70fa,U+7104,U+710c,U+710f,U+7114,U+7117,U+711c,U+7120-7122,U+712e,U+713c,U+713f,U+7146-7147,U+7149,U+714b,U+714f,U+7152,U+7155-7156,U+7159-715a,U+7160-7162,U+7165,U+7169,U+716c,U+7180-7181,U+7187-7188,U+7192,U+7195,U+7197,U+719c-719d,U+71a5,U+71af-71b2,U+71bb,U+71be,U+71c1-71c2,U+71c4,U+71c8-71ca,U+71cf-71d0,U+71d2,U+71d6-71d7,U+71d9,U+71dc,U+71df,U+71e1,U+71e6,U+71ec-71ed,U+71f4-71f6,U+71fb-71fc,U+71fe-71ff,U+7201,U+720c-720d,U+7210,U+721b,U+7227,U+722b,U+722d,U+7232,U+723a,U+723c,U+723e,U+7240-7242,U+7246,U+724b,U+7258,U+725a,U+7260,U+7264,U+7274,U+7278,U+727d,U+7282,U+7285,U+7287,U+7296,U+729b,U+72a0-72a2,U+72a7,U+72ae,U+72b1-72b2,U+72bd-72be,U+72c0,U+72c6,U+72cc,U+72db,U+72e2,U+72f9,U+72fd,U+730b-730c,U+7319,U+731f,U+7324,U+732f,U+7336,U+733b,U+7341,U+7344-7345,U+734e-734f,U+7363,U+7368,U+736a-736b,U+7370,U+7372,U+7374-7375,U+7377-7378,U+737a-737c,U+7380,U+7385-7386,U+7393,U+7395,U+7397-7399,U+73a0-73a1,U+73a5-73a6,U+73a8,U+73ad,U+73b4,U+73b6,U+73b9,U+73bd,U+73bf,U+73c4-73c6,U+73ce,U+73d2-73d3,U+73d6,U+73dd,U+73e3,U+73e6,U+73e8,U+73ea,U+73ee,U+73f0-73f1,U+73f3,U+73f5,U+73f8,U+73fa,U+73fd-73fe,U+7401,U+7404,U+7407,U+740b","diff":0,"charsSize":223},{"name":"bcebaf6ceef316138ae97d6dea0c7bb4.woff2","size":57688,"chars":"U+6c25,U+6c2b-6c2c,U+6c33,U+6c37,U+6c39-6c3a,U+6c3e-6c3f,U+6c4e,U+6c59-6c5a,U+6c62,U+6c6b,U+6c6d,U+6c6f,U+6c73,U+6c7a,U+6c84,U+6c87,U+6c8a,U+6c8d,U+6c92,U+6c95-6c96,U+6c9a,U+6ca2,U+6ca8,U+6cac,U+6cba,U+6cc1-6cc2,U+6cc7,U+6ccf,U+6cd1,U+6cd9-6cda,U+6cdd,U+6ce7,U+6ce9,U+6d05,U+6d18,U+6d1f,U+6d24,U+6d28-6d29,U+6d36,U+6d38,U+6d3a,U+6d44,U+6d49,U+6d50,U+6d55,U+6d5f,U+6d61,U+6d64-6d65,U+6d6c,U+6d72,U+6d79,U+6d7f,U+6d87,U+6d92,U+6d96-6d97,U+6d99-6d9a,U+6d9c,U+6dac,U+6db4,U+6db7,U+6dbc,U+6dc2,U+6dcf,U+6dd2-6dd3,U+6dd5,U+6dda,U+6de5,U+6de8-6dea,U+6def-6df0,U+6df2,U+6df5-6df6,U+6df8,U+6dfa,U+6e07-6e09,U+6e0b,U+6e13,U+6e15,U+6e19,U+6e1b,U+6e1f,U+6e26-6e27,U+6e2c,U+6e2e,U+6e39,U+6e3c,U+6e3e,U+6e49-6e4b,U+6e51,U+6e5c,U+6e5e,U+6e60,U+6e62-6e63,U+6e67,U+6e6a,U+6e6f,U+6e72-6e73,U+6e76,U+6e80,U+6e82,U+6e88,U+6e8c,U+6e8e,U+6e93,U+6e96,U+6e9a,U+6e9d,U+6ea1,U+6ea6,U+6eab,U+6ebc,U+6ebf,U+6ec3-6ec5,U+6ec9,U+6ecc,U+6ece,U+6ed2,U+6ed8-6ed9,U+6edd,U+6eea-6eec,U+6eee-6eef,U+6ef2,U+6ef7-6ef8,U+6efe-6eff,U+6f01,U+6f11,U+6f16,U+6f1a,U+6f22-6f23,U+6f26,U+6f2c,U+6f32,U+6f38,U+6f3f,U+6f41,U+6f45,U+6f51,U+6f53-6f54,U+6f57,U+6f59,U+6f5b,U+6f5f,U+6f63-6f64,U+6f6f-6f70,U+6f75-6f77,U+6f7e-6f82,U+6f86-6f87,U+6f90-6f91,U+6f94,U+6f97,U+6fa0,U+6fa3-6fa6,U+6fa9-6faa,U+6fae,U+6fb1,U+6fb4-6fb5,U+6fc1,U+6fc3,U+6fc6-6fc7,U+6fd4-6fd5,U+6fd8,U+6fdb,U+6fdf,U+6fe4,U+6feb-6fec,U+6ff0-6ff1,U+6ff3,U+6ff5-6ff6,U+6ffa,U+6ffc,U+6ffe,U+7001,U+7005-7007,U+7009,U+700b,U+700f,U+7015,U+7018,U+701d-7020,U+7026-7027","diff":0,"charsSize":238},{"name":"da497974385169863a278f9834b89b63.woff2","size":51592,"chars":"U+6953,U+6955,U+6959,U+695c,U+695f,U+6961-6962,U+6968,U+696a,U+696c-696d,U+696f,U+6973-6975,U+697b,U+697d-697e,U+6981,U+698a,U+698e,U+6991,U+6996,U+69a0,U+69a4,U+69a6,U+69aa,U+69ae,U+69b2,U+69bc,U+69be-69bf,U+69c3,U+69c7,U+69cb,U+69cd,U+69d1,U+69d3,U+69d8-69d9,U+69dd-69de,U+69e2,U+69e4,U+69e7-69e8,U+69eb,U+69f3-69f4,U+69f6,U+69f9-69fb,U+6a01-6a02,U+6a05,U+6a0b-6a0c,U+6a11-6a14,U+6a19,U+6a1b,U+6a1e,U+6a20,U+6a22-6a23,U+6a29,U+6a2b,U+6a2e,U+6a30,U+6a36,U+6a38-6a3a,U+6a42,U+6a46,U+6a48,U+6a4b,U+6a5e-6a5f,U+6a62,U+6a66,U+6a6b,U+6a72-6a73,U+6a78,U+6a7e-6a7f,U+6a89,U+6a8d,U+6a94,U+6a9c,U+6aa2-6aa3,U+6aa5,U+6aa8,U+6aaa,U+6aae-6aaf,U+6ab3,U+6ab8,U+6abb,U+6ac1-6ac3,U+6ac8,U+6ad1,U+6ad3,U+6ada-6adb,U+6add-6adf,U+6ae2,U+6ae4-6ae5,U+6ae7-6ae8,U+6aea-6aec,U+6af3,U+6af8,U+6afa-6afc,U+6b04-6b05,U+6b09-6b0a,U+6b0f-6b10,U+6b12,U+6b16-6b17,U+6b1d-6b1f,U+6b31,U+6b36,U+6b38,U+6b3d,U+6b41,U+6b4e,U+6b50,U+6b53-6b55,U+6b58,U+6b5b,U+6b5f,U+6b61,U+6b69,U+6b6f,U+6b72-6b74,U+6b77-6b78,U+6b7f-6b80,U+6b95,U+6b97-6b98,U+6b9e,U+6ba4,U+6bab,U+6bad-6baf,U+6bb1-6bb2,U+6bba-6bbc,U+6bc0,U+6bc6,U+6bce,U+6bd0,U+6bd8,U+6bdf,U+6bec,U+6bfc,U+6bff,U+6c02,U+6c08,U+6c0a,U+6c0c,U+6c17,U+6c23","diff":0,"charsSize":192},{"name":"0d36a0642e07d56269b57c7b4cb023fd.woff2","size":55144,"chars":"U+6504-6506,U+650b,U+650e-650f,U+6511,U+6514-6516,U+6519,U+651b-651e,U+6522-6524,U+652a,U+652c,U+6530,U+6537,U+6546,U+654b,U+654d-654e,U+6554,U+6557-6558,U+6567-6568,U+6571,U+6575,U+6578,U+657b,U+6582-6583,U+6588-6589,U+658e,U+6595,U+65ac,U+65b2-65b3,U+65b7,U+65be,U+65c2,U+65d9,U+65db,U+65e1,U+65f3,U+65f8,U+65fb-65fc,U+6607,U+6609,U+661c,U+661e,U+6624,U+662b,U+662e,U+6630,U+663a-663b,U+663f,U+6642,U+6644-6645,U+6649-664a,U+6659,U+665b,U+665d-665e,U+6662,U+6665,U+6667,U+6669,U+666c,U+6673,U+6678-6679,U+6681,U+6683,U+6688-6689,U+668d-668e,U+6690,U+6698-6699,U+669f-66a0,U+66a2,U+66a6,U+66ab,U+66b1-66b2,U+66b5,U+66b8,U+66bb-66bc,U+66bf,U+66c1,U+66c4,U+66c6-66c9,U+66cc,U+66cf,U+66d6,U+66da,U+66e0,U+66e3,U+66ec,U+66f1,U+66f5,U+66f8,U+66fa-66fb,U+66fd,U+6703,U+670e-670f,U+6712,U+6716,U+671e,U+6727,U+672e,U+6732-6733,U+6736-6738,U+673f,U+6741,U+6755,U+6759,U+6762-6764,U+6766,U+676e,U+6771,U+677a-677b,U+6785,U+678c,U+678f,U+6792-6793,U+67a0-67a1,U+67a6,U+67a9,U+67ac,U+67b1,U+67b4,U+67b9,U+67bb,U+67c0,U+67c6,U+67c8,U+67ca,U+67ce,U+67e4,U+67e7,U+67eb,U+67ee,U+67f5,U+67fa-67fb,U+67fe,U+6801-6804,U+681e-681f,U+6822,U+682b,U+6831,U+6834,U+683f,U+684d,U+6852,U+6859,U+685c-685f,U+686e,U+6871,U+6878,U+687e-687f,U+688d,U+6894,U+6898,U+689b,U+689d,U+689f-68a1,U+68a3,U+68b1,U+68b6,U+68b9-68ba,U+68bc,U+68bf,U+68c1,U+68c3-68c4,U+68c6,U+68c8,U+68ca,U+68cf,U+68d1,U+68d3-68d4,U+68d6-68d7,U+68df,U+68e1,U+68e7-68e8,U+68ef,U+68f2,U+68fb,U+6900,U+6904,U+6908-690a,U+690c,U+690f,U+6919-691c,U+6921-6923,U+6925-6926,U+6928,U+692a,U+6932,U+6936,U+6938,U+6940,U+694a","diff":0,"charsSize":254},{"name":"78ae5f6b42be089d8649a18af9557ce4.woff2","size":61188,"chars":"U+61ba,U+61c3,U+61c6-61c7,U+61c9,U+61cc-61cd,U+61d0,U+61df,U+61e3,U+61e8,U+61f2,U+61f4,U+61f6-61f8,U+61fa,U+61fc-61fe,U+6200,U+6207,U+6209,U+6213-6214,U+621d-621e,U+6226-6227,U+6229,U+622f-6230,U+6232,U+6236,U+6238,U+623b,U+6250,U+6255,U+625a,U+625e,U+6260-6261,U+6265,U+6268,U+6271-6272,U+6274,U+6277,U+627a,U+6282-6283,U+6285-6286,U+628c,U+6290,U+6294,U+629c,U+629e,U+62a6,U+62ba,U+62be,U+62c1,U+62c3,U+62cb,U+62cf,U+62d1,U+62d5,U+62dd,U+62e0-62e1,U+62e4,U+62f5,U+62f9,U+6303,U+630c,U+6310,U+6313-6315,U+6319,U+6326-6327,U+6329,U+6331,U+6333,U+6335-6337,U+633c,U+633e-6340,U+6352,U+6354,U+6357-6359,U+635c-635d,U+6365,U+6368,U+636b,U+636f,U+6372,U+637d-637e,U+6383-6384,U+6394,U+6397,U+6399,U+639b-639f,U+63a1,U+63ab,U+63af,U+63b1-63b2,U+63b5,U+63b9,U+63bb,U+63c0,U+63c3,U+63c7-63c8,U+63cb-63cc,U+63d9-63dc,U+63e2,U+63e4,U+63e6,U+63eb-63ec,U+63ee,U+63f0,U+63f3,U+63f5,U+63f9-63fc,U+63fe,U+6406,U+6409,U+640d,U+6416-6417,U+6419,U+641d,U+641f,U+6422-6425,U+6427-6429,U+6435-6436,U+643e,U+6440,U+6442-6443,U+644e,U+6451,U+6456,U+645c-645d,U+645f-6460,U+646f,U+6471,U+6473,U+6475-6477,U+647b,U+647d,U+6483,U+6486,U+6488,U+648b,U+648d,U+648f-6490,U+6493,U+6498,U+649a,U+649d,U+649f-64a0,U+64a2-64a3,U+64a5,U+64a8,U+64ab,U+64b2-64b3,U+64b9,U+64bb,U+64be-64bf,U+64c1,U+64c4,U+64c7,U+64c9-64cb,U+64d4,U+64da-64db,U+64e0-64e1,U+64e3,U+64e7,U+64ec,U+64ef-64f4,U+64f6-64f8,U+64fa-64fe","diff":0,"charsSize":236},{"name":"fb4d60d719bda874156a03605ff7ff5f.woff2","size":56880,"chars":"U+5d87,U+5d8b-5d8c,U+5d90,U+5d92,U+5d94,U+5d97,U+5da0,U+5da2,U+5da7,U+5dac,U+5dae,U+5db8-5dba,U+5dbc-5dbd,U+5dc3,U+5dc9,U+5dcb-5dcc,U+5dd0,U+5dd2-5dd4,U+5dd6,U+5de3,U+5df0,U+5df5,U+5df9,U+5dfb,U+5dff,U+5e0b,U+5e1f,U+5e25,U+5e2b,U+5e2f-5e30,U+5e33,U+5e36,U+5e40,U+5e43,U+5e47,U+5e4e,U+5e57-5e58,U+5e5f,U+5e63-5e64,U+5e6b-5e6c,U+5e75,U+5e77,U+5e79,U+5e7e,U+5e81,U+5e83,U+5e85,U+5e92,U+5e9d,U+5eab,U+5eb0,U+5ec1-5ec4,U+5ec8,U+5ecb-5ecd,U+5ecf-5ed0,U+5ed5,U+5eda,U+5edd,U+5edf-5ee3,U+5ee9,U+5eec,U+5ef0-5ef1,U+5ef3,U+5ef8,U+5efb-5efc,U+5f07,U+5f09,U+5f0c-5f0d,U+5f10,U+5f12,U+5f14,U+5f16,U+5f21-5f22,U+5f33-5f35,U+5f37-5f38,U+5f3e,U+5f41,U+5f45-5f46,U+5f48,U+5f4a,U+5f4c,U+5f4e,U+5f51,U+5f54,U+5f59,U+5f5c,U+5f5e,U+5f63,U+5f65,U+5f67,U+5f6b,U+5f6e,U+5f7f,U+5f83,U+5f91,U+5f93,U+5f9b,U+5f9e,U+5fa0,U+5fa9,U+5fac,U+5fb3-5fb4,U+5fb9,U+5fdc,U+5fde,U+5ff0,U+5ffc,U+6010,U+6031,U+6039-603a,U+6045-6046,U+604a,U+604f,U+6053,U+605f-6060,U+6065,U+6075,U+6077,U+6081,U+6085,U+608a-608b,U+6097,U+60a7,U+60a9-60aa,U+60b0,U+60b3,U+60b5-60b6,U+60bd-60bf,U+60c7,U+60d3,U+60de,U+60e1-60e3,U+60ea,U+60f1-60f2,U+60f7,U+60fb,U+6103,U+6110-6111,U+6114,U+6116,U+611b-611c,U+6121,U+6128,U+612c,U+6130,U+6134,U+6137,U+613c-613e,U+6142,U+6144,U+6147,U+614b,U+614d,U+6152-6153,U+6158-615a,U+615f,U+6163-6165,U+616a-616c,U+616e-616f,U+6171,U+6173-6174,U+6176,U+617c,U+617e,U+6182,U+6187,U+618a,U+6190-6193,U+6196,U+6198-619a,U+61a2,U+61a4,U+61ab,U+61ae,U+61b2,U+61b6","diff":0,"charsSize":235},{"name":"df3f4796391c0d9ca2afeafe6dd54ed5.woff2","size":60212,"chars":"U+5953,U+595b,U+595d,U+5963,U+5967-596a,U+596c-596e,U+597b,U+597e,U+598f,U+5998,U+599b,U+599d,U+59a1-59a2,U+59a6-59a7,U+59ac,U+59b3,U+59b6,U+59ba,U+59c1,U+59c3,U+59c8-59c9,U+59cd-59ce,U+59d9,U+59e4,U+59e6,U+59e9-59eb,U+59ee,U+59f1-59f3,U+59f5-59f8,U+59fc,U+5a17,U+5a19-5a1b,U+5a2a,U+5a2f,U+5a33,U+5a35,U+5a38,U+5a3f,U+5a41,U+5a4c-5a4d,U+5a57,U+5a5e,U+5a60,U+5a63,U+5a66,U+5a6c-5a6d,U+5a78,U+5a81,U+5a83-5a84,U+5a8c,U+5a90,U+5a93,U+5a95-5a97,U+5a9c,U+5a9e,U+5aa0,U+5aa7,U+5aab,U+5aad-5aae,U+5ab1,U+5aba,U+5abc-5abd,U+5ac3-5ac4,U+5ac6,U+5ac8,U+5acb,U+5ad0,U+5ad5,U+5ad7,U+5ad9-5ada,U+5ae5,U+5aea,U+5af2,U+5af5,U+5afa-5afb,U+5b00,U+5b03,U+5b05,U+5b08,U+5b0b-5b0c,U+5b19,U+5b1b,U+5b1d,U+5b21-5b24,U+5b28,U+5b2a-5b2d,U+5b30,U+5b36,U+5b38,U+5b3e-5b3f,U+5b43,U+5b45-5b46,U+5b4b-5b4d,U+5b56,U+5b6b,U+5b6d,U+5b72,U+5b78,U+5b7f,U+5b82,U+5b8d,U+5b9f,U+5bac-5bae,U+5bc0,U+5bc3,U+5bc9,U+5bd4,U+5bd7-5bd8,U+5bdb,U+5be2,U+5be6-5be7,U+5be9,U+5beb-5bec,U+5bef,U+5bf3,U+5bf5-5bf6,U+5bfe,U+5c02,U+5c05,U+5c07-5c08,U+5c0b,U+5c0d-5c0e,U+5c10,U+5c12-5c13,U+5c1b,U+5c1e,U+5c20,U+5c28,U+5c2a,U+5c2d,U+5c37,U+5c44,U+5c46,U+5c4c-5c4d,U+5c53,U+5c58,U+5c5c,U+5c62,U+5c64,U+5c67-5c68,U+5c6c-5c6d,U+5c76,U+5c7b,U+5c7e,U+5ca1,U+5ca6,U+5ca8,U+5cb6,U+5cba-5cbc,U+5cbe,U+5cc5,U+5cc7,U+5cce,U+5ce0,U+5ce3,U+5ce9,U+5cee-5cef,U+5cf1,U+5cf4-5cf6,U+5cfa,U+5cfd,U+5d01,U+5d0b,U+5d0d,U+5d10-5d11,U+5d15,U+5d17-5d1a,U+5d1f-5d22,U+5d2c,U+5d31,U+5d42,U+5d4e,U+5d50,U+5d52-5d53,U+5d56,U+5d59,U+5d5c,U+5d6d,U+5d73,U+5d75-5d76,U+5d81,U+5d84","diff":0,"charsSize":247},{"name":"5a3a7028c20fd7df9dde1ceb1f0fa3af.woff2","size":58804,"chars":"U+513a-513c,U+5147,U+514a,U+514c,U+514e,U+5150,U+5152,U+5157,U+5164,U+5167,U+5169-516a,U+5172,U+5184,U+5186-5187,U+518a,U+518f-5191,U+5193,U+519a,U+519d,U+51a6-51aa,U+51b4,U+51be,U+51c3,U+51c5,U+51c8,U+51ca,U+51cd,U+51d6,U+51dc,U+51e6-51e7,U+51e9-51ea,U+51ec,U+51f1,U+51f4,U+51fe,U+5204,U+520b,U+5210,U+5213-5215,U+521c,U+5223,U+5225,U+5227,U+522a,U+5244,U+5247,U+5249,U+524b,U+524e-524f,U+525b,U+525d,U+5263-5264,U+526e,U+5270-5271,U+5273-5275,U+5277,U+527a,U+527e,U+5283-5284,U+5287,U+5289-528a,U+528c-528d,U+528f,U+5291-5292,U+5294,U+529c,U+52a6,U+52af,U+52b4-52b5,U+52b9,U+52bb-52bc,U+52c0-52c1,U+52c5,U+52cd,U+52d5,U+52d7,U+52d9,U+52db,U+52dd-52de,U+52e0,U+52e2-52e3,U+52e5-52e7,U+52f1-52f3,U+52f5,U+52f8,U+52fb-52fc,U+5301-5302,U+5307,U+531c,U+5324,U+5327,U+532d,U+532f,U+5331,U+5333,U+5338,U+533c,U+5340,U+5346,U+534c-534d,U+5354,U+5358,U+536c,U+5372,U+5379,U+537b,U+537d,U+5393,U+5396,U+5399,U+53a0,U+53ad,U+53b0,U+53b2-53b4,U+53b7,U+53be,U+53c3,U+53c6,U+53ce,U+53dd,U+53e1-53e2,U+53fa,U+5402,U+540b,U+5414,U+5425,U+5433,U+5436,U+543d,U+5442,U+5449,U+544e,U+5451,U+545f,U+5463,U+5467,U+546a,U+546f-5470,U+5474,U+547e-547f,U+5481,U+5485,U+5487-5488,U+548a,U+548d,U+5493,U+5497-5498,U+549c,U+54a2,U+54a5,U+54b2,U+54bc,U+54be,U+54ca-54cb,U+54d6,U+54d8,U+54e1-54e3,U+54ef,U+54f1,U+54f9,U+5502,U+5504-5505,U+550a,U+550c,U+550e,U+5513,U+5516,U+551a,U+551e,U+5525,U+5529,U+552d,U+5535-5536,U+5538-5539,U+553b,U+5540,U+5545,U+554c,U+554f,U+5553,U+5557,U+555b,U+555d-555f,U+5563,U+5569,U+556b,U+5570-5572,U+5586,U+558c,U+558e,U+5593,U+559a,U+559e,U+55a2,U+55a4-55a6,U+55a8-55ae,U+55b0,U+55b2,U+55b6,U+55ba,U+55bc,U+55c6-55c7,U+55cb,U+55ce,U+55d0,U+55d9-55da,U+55de,U+55e9,U+55ee,U+55f0-55f1,U+55f6,U+55f9-55fa,U+5605-5606,U+560d,U+5610,U+5612-5613","diff":0,"charsSize":282},{"name":"fe967a0fd524cc1c67bc417119a3f4c5.woff2","size":54128,"chars":"U+5614,U+5616-5617,U+561a,U+561c,U+5621-5622,U+5625,U+5629-562b,U+562e-5630,U+5635,U+5638,U+5641-5643,U+5649,U+564f-5650,U+5653,U+565b,U+565d,U+5660,U+5665-5666,U+566d,U+566f,U+5672,U+5674,U+5677-567a,U+5680,U+5684,U+5687,U+568a,U+568c,U+5690,U+5692,U+5694-5695,U+5699,U+569c,U+569e-56a2,U+56a5-56a6,U+56a8,U+56ad-56ae,U+56b2-56b6,U+56be-56c3,U+56c5,U+56c8-56c9,U+56cc-56ce,U+56d1,U+56d3,U+56d6,U+56d8,U+56e3,U+56e5,U+56e7-56e8,U+56ea,U+56ec,U+56ee,U+56f2-56f3,U+56f7,U+5700,U+5707,U+570b,U+570d,U+570f,U+5712-5713,U+5716,U+5718,U+571d-571e,U+5721,U+5726-5727,U+5737-5738,U+5749,U+5754,U+5759,U+5763,U+5765,U+5770-5771,U+5775,U+577f,U+5788-5789,U+579a,U+579e,U+57a8,U+57aa,U+57ac,U+57b0-57b1,U+57b3,U+57b5,U+57ba,U+57c0,U+57c6-57c8,U+57d3,U+57d6-57d7,U+57dc,U+57de,U+57e1,U+57e3,U+57f5,U+57f7,U+57fc,U+5803,U+5805,U+5809-580a,U+5816,U+581d,U+582f,U+5831,U+5834,U+583a,U+583d,U+5840-5841,U+5846,U+584a-584b,U+584f,U+5852,U+5857,U+5859-585a,U+5860-5862,U+5864,U+5869,U+586d,U+5870-5872,U+5875,U+5879,U+587d,U+588a,U+5897-5898,U+589c,U+58a6,U+58ab-58ac,U+58ae,U+58b2-58b3,U+58b8-58bb,U+58be,U+58c6-58c7,U+58ca,U+58cc,U+58ce,U+58d3,U+58d7-58da,U+58dc,U+58de-58e0,U+58e2,U+58e5,U+58e9,U+58ef,U+58f1-58f2,U+58f7,U+58fa-58fd,U+5905-5906,U+5909-590c,U+5910,U+5918,U+591b,U+5920,U+5922,U+592c,U+5932,U+593e,U+5940,U+5945,U+5950,U+5952","diff":0,"charsSize":230},{"name":"1c80a79539fc7440bfa12f2f09d9c575.woff2","size":60628,"chars":"U+3737,U+3757,U+3769,U+3909,U+3915,U+3918,U+39c1,U+39cc,U+39ce,U+39d0,U+39d2,U+39df,U+39e1,U+39e3,U+39ec,U+39fb,U+39fe,U+3a02,U+3a11,U+3a17,U+3a28,U+3a2a,U+3a3b,U+3a46,U+3a52,U+3a90,U+3ac3,U+3b39,U+3c35,U+3d18-3d19,U+3deb,U+3dee,U+3e06,U+3e10,U+3e30,U+3e74,U+3f13,U+3f4e,U+3f80,U+3f8a,U+3ff8,U+4010,U+402f,U+4034,U+4039,U+4045,U+4056,U+406f,U+40d7,U+4180,U+41f6,U+4204,U+4242,U+4308,U+43dd,U+4599,U+45b3,U+45c1,U+45c6,U+45d0,U+45d6,U+4606,U+4625,U+463c,U+464a,U+479a,U+47d3,U+47d8,U+47e9,U+4821,U+488d,U+48a2,U+497d,U+4983,U+4ab4,U+4acc,U+4b72,U+4bcb,U+4c85,U+4e04-4e05,U+4e0f,U+4e17,U+4e1f,U+4e21,U+4e26,U+4e31,U+4e3c,U+4e42,U+4e55,U+4e57,U+4e62,U+4e6a,U+4e78,U+4e80,U+4e82,U+4e85,U+4e8a,U+4e99,U+4e9c,U+4e9e,U+4eb0,U+4eb6-4eb7,U+4eb9,U+4ebc,U+4ecf,U+4ee9,U+4eed-4eee,U+4ef1,U+4efc,U+4f00,U+4f03,U+4f08,U+4f0b,U+4f15,U+4f1c-4f1d,U+4f28,U+4f2d,U+4f31,U+4f39,U+4f3b,U+4f41,U+4f47-4f48,U+4f54,U+4f56,U+4f62,U+4f6b,U+4f6e,U+4f75,U+4f77,U+4f7a,U+4f7d,U+4f86,U+4f8a,U+4f92,U+4f96,U+4f98,U+4f9a,U+4f9e,U+4fa1,U+4fab,U+4fad,U+4fb2,U+4fb6-4fb7,U+4fb9,U+4fc1-4fc2,U+4fc9,U+4fcb,U+4fcd,U+4fd4,U+4fdb,U+4fe0,U+4fe4-4fe5,U+4fec,U+4ff5-4ff6,U+4ffd,U+4fff-5000,U+5005-5006,U+5008-5009,U+500b,U+5011,U+5013,U+5016,U+501b,U+501e,U+5022-5024,U+5027,U+502b,U+502f-5030,U+5032,U+5036,U+5039,U+5040,U+5042,U+5046,U+5049,U+504d,U+5050,U+5056,U+505d,U+505f,U+5063,U+506d,U+5070,U+5072,U+5074-5075,U+5078,U+507a,U+507d,U+508c,U+5091,U+5094-5096,U+5098-509d,U+50a2,U+50aa,U+50ad,U+50af,U+50b1,U+50b3-50b5,U+50b7,U+50be,U+50c2,U+50c5-50c7,U+50c9-50ca,U+50cd-50ce,U+50d1,U+50d5,U+50d8,U+50de,U+50e3,U+50e5,U+50e8-50e9,U+50eb,U+50f0-50f1,U+50f4,U+50f9,U+50fe,U+5100-5102,U+5104,U+5108-5109,U+510d,U+5110-5111,U+5114-5116,U+5118,U+511a,U+511f,U+512a,U+5131-5133,U+5137-5138","diff":0,"charsSize":269},{"name":"e52189aca2757293e6157ea740fa3350.woff2","size":35872,"chars":"U+30f6,U+30fb-30fe,U+3105-312f,U+3220-3247,U+3251-325f,U+328a-32a2,U+32a4-32cb,U+32ff,U+3303,U+330d,U+3314,U+3318,U+3322-3323,U+3326-3327,U+332b,U+3336,U+333b,U+3349-334a,U+334d,U+3351,U+3357-3370,U+337b-337e,U+338e-338f,U+339c-33a6,U+33c2,U+33c4,U+33d8,U+33e0-33fe,U+3401,U+3441,U+34fe,U+3502,U+3578,U+3585,U+35ad,U+35b8,U+35ce,U+35d8,U+35f1,U+3614,U+361b,U+361d,U+362d,U+36ac,U+36c4,U+36e2,U+36ff,U+372e,U+ff70","diff":0,"charsSize":282},{"name":"73537ebf3840c1bd8abfbc7b2ec9a1b8.woff2","size":59800,"chars":"U+4e0c,U+4e28,U+4e2c,U+4e3f,U+4ec2,U+502e,U+5107,U+5155,U+5216,U+522d,U+5281,U+5290,U+5293,U+5369,U+53b6,U+54d5,U+54dc,U+54f3,U+54ff,U+5523,U+552a,U+553c,U+5588,U+55b5,U+5686,U+570a,U+5776,U+5786,U+5819,U+5820,U+5865,U+58bc,U+5adc,U+5b32,U+5b65,U+5c1c,U+5c66,U+5c88,U+5c8d,U+5e3b,U+5f2a,U+5f50,U+5f61,U+5fee,U+6067,U+614a,U+615d,U+619d,U+61d4,U+620b,U+6224,U+62f6,U+6343,U+63ad,U+63be,U+6420,U+6434,U+6484,U+6496,U+64d0,U+6509,U+652e,U+67d9,U+67dd,U+6833,U+6844,U+684a,U+6920,U+6957,U+6a8e,U+6a91,U+6aa0,U+6b43,U+6bea,U+6bf5,U+6c15,U+6cd0,U+6d5e,U+6ee0,U+6f24,U+6f2d,U+6f46,U+70c0,U+717a,U+71e0,U+721d,U+728b,U+72c1,U+72c3,U+72e8,U+730a,U+7338,U+734d,U+73e7,U+746d,U+752f,U+754e,U+75b0,U+7603,U+770d,U+7722,U+778d,U+77a2,U+77e7,U+7809,U+7811,U+7857,U+786d,U+78c9,U+78f2,U+791e,U+7946,U+7953,U+7967,U+799a,U+7b45,U+7b58,U+7b9d,U+7ba2,U+7bda,U+7cd7,U+7f32-7f33,U+8022,U+8028-8029,U+804d,U+8080,U+80c2,U+80e9,U+80ec,U+80f2,U+810e,U+817d,U+81a3,U+81aa,U+8201,U+8274,U+82b0,U+82e0,U+833c,U+836e,U+83b0,U+83e5,U+8459,U+8488,U+848e,U+84cd,U+84d0,U+84f0,U+8539,U+857a,U+85a8,U+85b7,U+867c,U+871e,U+8723,U+8729,U+8753,U+877e,U+878b,U+8793,U+87d3,U+8803,U+88d2,U+8966,U+89eb,U+8b26,U+8bf6,U+8c2e,U+8c8a,U+8c98,U+8d33,U+8d47,U+8d55,U+8dbc,U+8e2c,U+8e9e,U+8ece,U+8f77,U+8f79,U+8fee,U+9058,U+914f,U+9174,U+9191,U+91a2,U+91b5,U+928e,U+9494,U+94b6,U+94f4,U+94f9,U+950a,U+950e,U+951e,U+952b,U+953c,U+953e,U+9544,U+9564,U+95f6,U+9603,U+960c-960d,U+9622,U+9674,U+9794,U+97ab,U+98a5,U+9a98,U+9a9f,U+9ab1,U+9ad1,U+9b0f,U+9b48,U+9c92,U+9c95,U+9ca6,U+9cba,U+9cbc,U+9cc6,U+9ccb,U+9cd8,U+9e32,U+9e38,U+9e5b,U+9e88,U+9eb4,U+9efb-9efc,U+9f3d,U+9f44,U+9f86","diff":0,"charsSize":234},{"name":"dfbe37910f5c89a5df200fde5dc23ed9.woff2","size":61436,"chars":"U+4e36,U+4ea0,U+4f74,U+4f91,U+4f94,U+4fc5,U+507e,U+50ba,U+50ed,U+5181-5182,U+51f5,U+525e,U+5282,U+52f9,U+5326,U+537a,U+53a3,U+5423,U+5459,U+54b4,U+54d9,U+55c9,U+574c,U+57a4,U+57f4,U+580b,U+5902,U+5925,U+5a08,U+5ab5,U+5b16,U+5b84,U+5be4,U+5c22,U+5c6e,U+5cb5,U+5cbd,U+5d3e,U+5ddb,U+5e31,U+5e5e,U+5e80,U+5ee8,U+5f82,U+5fc9,U+5fed,U+600a,U+605d,U+609b,U+609d,U+60dd,U+6225,U+6243,U+6322,U+63ce,U+63de,U+63f2,U+640b-640c,U+643f,U+6445,U+64d7,U+6534,U+6549,U+656b,U+6603,U+674c,U+67a8,U+680a,U+6864,U+6971,U+69d4,U+6a65,U+6c2a,U+6c46,U+6c5c,U+6d0e,U+6d48,U+6e2b,U+6eb2,U+6eb7,U+6f89,U+706c,U+70b1,U+7113,U+71d4,U+727f,U+72f3-72f4,U+7303,U+7321,U+7339,U+736c,U+736f,U+74a9,U+74de,U+750d,U+7513,U+7592,U+75c4,U+7605,U+760a,U+761b,U+7625,U+762d,U+7643,U+764d,U+7707,U+7735,U+7747,U+77b5,U+7839,U+784e,U+78a5,U+7924,U+793b,U+798a,U+7a03,U+7a06,U+7a78,U+7a80,U+7aad,U+7ba8,U+7be5,U+7ca2,U+7cc8,U+7ec1,U+7f0b,U+7f0f,U+7f12,U+7f68,U+7f9d,U+8025,U+8035,U+809c,U+80ad,U+80b7,U+80e8,U+811e,U+8204,U+8221,U+8223,U+822d,U+8233,U+823b,U+824b,U+825a,U+827d,U+827f,U+828f,U+82c8,U+8307,U+831b,U+8347,U+837d,U+839b,U+83a9,U+83dd,U+83f9,U+8406,U+8487,U+84b9,U+8579,U+864d,U+867f,U+86b0,U+86d1,U+86d8,U+86f2,U+8764,U+8770,U+8788,U+8797,U+87ac-87ad,U+87b5,U+881b,U+8844,U+88bc,U+88fc,U+8930,U+895e,U+89cc,U+89cf,U+89d6,U+8ba0,U+8bd4,U+8c02,U+8c2b,U+8c85,U+8e23,U+8e40,U+8e94,U+8f81-8f82,U+8fd5,U+90b6,U+90db,U+914e,U+9164,U+91ad,U+943e,U+94b7-94b8,U+94de,U+94eb,U+950d,U+9514,U+9516,U+9518,U+9529,U+9538,U+953f,U+954e,U+955f,U+9561,U+9569,U+95fc,U+963c-963d,U+9667,U+966c,U+96b3,U+9792,U+97b2,U+98a1,U+9969,U+9987,U+9998,U+9a7a,U+9a80,U+9a92,U+9a96,U+9adf,U+9b2f,U+9b43,U+9cb4,U+9cbd,U+9cd0,U+9cd4,U+9e31,U+9e3a,U+9e4e,U+9e71,U+9e7e,U+9ee5,U+9eea,U+9ef9,U+9fa0","diff":0,"charsSize":250},{"name":"dbb860496bf88ae46a401b394ec73252.woff2","size":23128,"chars":"U+251b-251d,U+2520,U+2523-2525,U+2528,U+252b-252c,U+252f-2530,U+2533-2534,U+2537-2538,U+253b-253f,U+2542,U+2549-254b,U+2551,U+255e-2563,U+256a-256c,U+25a0-25a1,U+25b2-25b3,U+25bc-25bd,U+25c6-25c7,U+25ca-25cc,U+25ce-25cf,U+25ef,U+2605-2606,U+261a-261c,U+261e-261f,U+2640,U+2642,U+266a,U+266d,U+266f,U+2764,U+2780-2793,U+29f5,U+2e3b,U+3000,U+3003,U+3005-3007,U+3012-3013,U+3018-301f,U+3030,U+303d,U+3041-3093,U+309b-309e,U+30a0-30f3,U+30f5,U+ff67-ff6f","diff":0,"charsSize":282},{"name":"286e8ebc5b16d3c52fd7622a847a5a96.woff2","size":19812,"chars":"U+1ef0-1ef1,U+207f,U+2100,U+2103,U+2109,U+2116,U+2121,U+2126,U+212b,U+212e,U+2152-215e,U+2160-216b,U+2170-2179,U+2189,U+2190,U+2192,U+2194-2199,U+21b8-21b9,U+21d2,U+21d4,U+21e6-21e9,U+2200,U+2202-2203,U+2205-2208,U+220b,U+220f,U+2211,U+2219-221a,U+221d-2220,U+2223,U+2225,U+2227-222c,U+222e,U+2234-2237,U+223d,U+2248,U+224c,U+2252,U+2260-2261,U+2264-2267,U+226a-226b,U+226e-226f,U+2282-2283,U+2286-2287,U+2295,U+2299,U+22a5,U+22bf,U+22c5,U+22ef,U+2303,U+2312,U+2460-24ea,U+24f5-24fe,U+2500-2503,U+2506-2507,U+250a-250c,U+250f-2510,U+2513-2514,U+2517-2518","diff":0,"charsSize":282},{"name":"cf918d4ba7dd7f6bfc47256c38e08a78.woff2","size":15964,"chars":"U+2be-2bf,U+2c7-2cd,U+2d8-2d9,U+2db,U+2dd,U+307,U+309-30a,U+30d,U+30f,U+311-312,U+31b,U+323-324,U+326-328,U+32e,U+331,U+335,U+358,U+35d,U+361,U+37e,U+391-3a1,U+3a3-3a9,U+3b1-3c9,U+3d5,U+401,U+405-406,U+408,U+410-44f,U+451,U+455-456,U+458,U+5b0-5b9,U+5bb-5bc,U+5be,U+5c1-5c2,U+5d0-5ea,U+5f3-5f4,U+e3f,U+1d25,U+1d3a,U+1ea0-1eef","diff":0,"charsSize":282},{"name":"7849d2123b70b8e573a0c9b35564b964.woff2","size":62164,"chars":"U+4ef3,U+4f1b,U+4f7e,U+4fdc,U+50d6,U+50ec,U+51ab,U+51b1,U+52d6,U+536e,U+5476,U+54a9,U+54da,U+55be,U+55cd,U+564d,U+572c,U+572f,U+576b,U+57cf,U+57d8,U+57f8,U+57fd,U+5844,U+5881,U+59d2,U+5ae0,U+5b37,U+5b5b,U+5b80,U+5d1e,U+5d6b,U+5efe,U+5f11,U+5f56,U+5f58,U+5f73,U+5f8c,U+5fc4,U+5fe4,U+602b,U+6106,U+610d,U+63f8,U+641b,U+6426,U+64e4,U+6634,U+66db,U+676a,U+6798,U+67b5,U+681d,U+6883,U+698d,U+69b1,U+69e0,U+69ed,U+6a18,U+6b37,U+6b39,U+6b9b,U+6bb3,U+6d33,U+6d7c,U+6e16,U+6e53,U+6ebb,U+6ed7,U+6f36,U+6f72,U+6f8c,U+7035,U+7039,U+7173,U+7178,U+7228,U+728f,U+72b4,U+72ef,U+7331,U+739f,U+7481,U+74e0,U+7540,U+755b,U+758b,U+75c3,U+75e6,U+7635,U+763c,U+76a4,U+76cd,U+7704,U+7743,U+7780,U+7847,U+786a,U+78b9,U+7962,U+7a02,U+7aac,U+7ab3,U+7b0a,U+7b4c,U+7b6e,U+7b7b,U+7bfc,U+7c0f,U+7c16,U+7c40,U+7c9e,U+7cc7,U+7cf8,U+7d77,U+7e3b,U+7ea1,U+7ea9,U+7ef2,U+7f02,U+7f07,U+7f0c,U+7f23,U+7f2f,U+7f74,U+7fbc,U+8016,U+8020,U+812c,U+8136,U+8182,U+822f,U+825f,U+8268,U+8284,U+8288,U+8291,U+829f,U+8308,U+8311,U+831a,U+835b,U+836d,U+83b6,U+840f,U+845c,U+84b4,U+84e3,U+850c,U+855e,U+85a4,U+863c,U+86ba,U+86c4,U+86de,U+86f1,U+8731,U+873e,U+877b,U+87bd,U+87db,U+880a,U+883c,U+8864,U+887f,U+88f0,U+890a,U+892b,U+89cb,U+89ef,U+8a48,U+8bdc,U+8c18,U+8c33,U+8c94,U+8db1,U+8dcf,U+8dd6,U+8de3,U+8e6f,U+8e90,U+8f7a,U+8f7e,U+8fb6,U+8fd3,U+902d,U+90be,U+9161,U+91a3,U+91af,U+936a,U+948b,U+94d8,U+9513,U+953a,U+9568,U+956a,U+956c,U+9654,U+9688,U+972a,U+9730,U+97b4,U+98e7,U+9967,U+996b,U+9a75,U+9aa3,U+9aba,U+9aed,U+9af9,U+9b08,U+9c86,U+9c8e,U+9c94,U+9c9a,U+9e2b,U+9e36,U+9e4b,U+9e55,U+9e63,U+9e68-9e69,U+9ebd,U+9ec9,U+9ee2,U+9f0d,U+9f2c,U+9f37,U+9f51","diff":0,"charsSize":230},{"name":"1494e650ce7ebcc414a515af8d3a7489.woff2","size":62708,"chars":"U+4e69,U+4f67,U+50a7,U+50e6,U+5196,U+5202,U+5233,U+523f,U+52a2,U+5363,U+5432,U+5456,U+54ad,U+54cf,U+5537,U+5575,U+5581,U+55cc,U+55fe,U+5601,U+561e,U+56dd,U+56df,U+5709,U+57d2,U+580d,U+589a,U+5941,U+5981,U+59b2,U+5aaa,U+5c25,U+5d24,U+5d5d,U+5d74,U+5def,U+5e42,U+5e8b,U+5eb3,U+5ed2,U+5ef4,U+5fad,U+6003,U+601b,U+603c,U+6083,U+6092,U+60ab,U+6100,U+6126,U+6206,U+6217,U+62ca,U+6369,U+638e,U+63b4,U+646d,U+6535,U+65c4,U+6661,U+6715,U+6769,U+67c3,U+6861,U+68f9,U+69ca,U+69f2,U+69ff,U+6bf9,U+6c05,U+6c0d,U+6ca9,U+6cb2,U+6cd6,U+6cf6-6cf7,U+6cfa,U+6dab,U+6e54,U+6fb6,U+709d,U+7198,U+71b5,U+7256,U+725d,U+727e,U+72ad,U+72f7,U+72fb,U+7313,U+73e5,U+74ba,U+750f,U+754b,U+75ac,U+75d6,U+760c,U+7617,U+7630,U+7640,U+76b2,U+775a,U+77bd,U+781f,U+78a1,U+7905,U+79b3,U+7b2b,U+7b2e,U+7b31,U+7b3e,U+7b62,U+7b85,U+7b9c,U+7bcc,U+7bea,U+7c0b,U+7c74,U+7c9c,U+7cc1,U+7ce8,U+7e47,U+7e9f,U+7ea5,U+7ee0,U+7ee8,U+7ef1,U+7f21,U+7f27,U+7f7e,U+7fb0,U+802a,U+8031,U+8071,U+80ea,U+8112,U+8114,U+8160,U+8169,U+81a6,U+81c1,U+8234,U+82a4,U+82e1,U+82fb,U+8333,U+836c,U+83c0,U+83f8,U+8411,U+841c,U+845a,U+8489,U+848c,U+84bd,U+84e0,U+8548,U+8627,U+8629,U+866e,U+86b5,U+86e9,U+86f4,U+86f8,U+872e,U+877d,U+8785,U+87ab,U+87ea,U+8813,U+8816,U+88ce,U+88e2-88e3,U+88e5,U+897b,U+89da,U+89f3,U+8bfc,U+8c35,U+8d46,U+8d4d,U+8dba,U+8dde,U+8e3a,U+8f75,U+8f94,U+9179,U+917e,U+94ab-94ac,U+94d1,U+94d7,U+94e5,U+9515,U+952a,U+952c,U+9545,U+9558,U+9565,U+9567,U+961d,U+96e0,U+987c,U+9883,U+989f,U+990d,U+9993,U+9ac0,U+9ae1,U+9aeb,U+9b51,U+9c8b,U+9ca0-9ca1,U+9ca3,U+9cae,U+9cce,U+9cd3,U+9ce2,U+9e37,U+9e39,U+9e41,U+9e48,U+9e6a,U+9e87,U+9ee9,U+9f17,U+9f19,U+9f2f,U+9f39,U+9f80,U+9f85","diff":0,"charsSize":233},{"name":"5406ed98f1e32c46740209a74e0001c4.woff2","size":60072,"chars":"U+4f65,U+4f89,U+5240,U+5261,U+52ac,U+531a,U+5416,U+5452,U+5454,U+5472,U+5478,U+54bb,U+54c2,U+54d3,U+54de,U+553f,U+55e5,U+560c,U+566b,U+572e,U+5793,U+57ef,U+581e,U+5924,U+593c,U+5997,U+59a3,U+59ab,U+5ab8,U+5ad4,U+5ad8,U+5af1,U+5b34,U+5b53,U+5ba5,U+5c59,U+5c63,U+5d5b,U+5e0f,U+5e11,U+5e14,U+5e91,U+5ed1,U+5f40,U+5fbc,U+6004,U+600d,U+6019,U+605a,U+610e,U+61b7,U+623d,U+624c,U+634c,U+64ba,U+65d2,U+65f0,U+670a,U+6753,U+67a7,U+67e2,U+67f0,U+680c,U+6855,U+686b,U+6939,U+696e,U+6980,U+6a17,U+6a7c,U+6aab,U+6b82,U+6b84,U+6bf3,U+6c06-6c07,U+6c19-6c1a,U+6d07,U+6d1a,U+6d27,U+6d2b,U+6d91,U+6e8f,U+6f74,U+6fde,U+7085,U+70bb,U+726e,U+72b0,U+72ce,U+72f2,U+72fa,U+7322,U+737e,U+738e,U+7477,U+748e,U+755a,U+7594,U+75b3,U+7615,U+763f,U+7654,U+7726,U+7765,U+7768,U+77ec,U+7817,U+781c,U+78d4,U+78d9,U+7913,U+7957,U+79d5,U+79eb,U+7a70,U+7a86,U+7b25,U+7b2a,U+7b38,U+7b47,U+7b72,U+7ba7,U+7c26,U+7c9d,U+7dae,U+7e9b,U+7ee1,U+7f01,U+7f11,U+7f17,U+7f36,U+7fee,U+8043,U+809f,U+80ab,U+80cd,U+80d7,U+8118,U+8188,U+823e,U+8279,U+8298,U+82c1,U+82ca,U+82d8,U+82e4,U+82f4,U+8306,U+833a,U+835c,U+839c,U+83bc,U+83d4,U+83df,U+8401,U+8451,U+846d,U+8476,U+8478,U+84ba,U+851f,U+8556,U+8585,U+867a,U+868b,U+868d,U+8765,U+87ca,U+87ee,U+8832,U+886e,U+8872,U+88a2,U+88b7,U+88c9,U+8bb5,U+8bce,U+8bd3,U+8bd6,U+8bf3,U+8bf9,U+8c04,U+8c16-8c17,U+8c1d,U+8c36,U+8c55,U+8c73,U+8c78,U+8d40,U+8d5c,U+8d91,U+8deb-8dec,U+8e14,U+8e41,U+8f6d,U+8f8e,U+8fe8,U+900b,U+9011,U+90cf,U+915e,U+9162,U+9172,U+9185,U+918c,U+9190,U+92c8,U+94aa,U+94ca,U+94d5,U+94df,U+94ea,U+94f3,U+94f7,U+94fc-94fd,U+951d,U+9554,U+9559,U+9566,U+9572,U+95f1,U+9608,U+960f,U+96ce,U+96e9,U+9785,U+97af,U+9878,U+988f,U+98d1,U+9954,U+9963,U+9a93,U+9ac1,U+9acc,U+9b1f,U+9b32,U+9b49,U+9b4d,U+9ca5,U+9ca7,U+9ca9,U+9cb1,U+9e46,U+9f22,U+9f87","diff":0,"charsSize":251},{"name":"af8a44507f24fc68fe68e76ab09e2722.woff2","size":62732,"chars":"U+4e47,U+4e5c,U+4e8d,U+4edf,U+4f25,U+4f32,U+4f5e,U+4f76,U+4faa,U+4fe6,U+5028,U+5048,U+50ee,U+520e,U+535f,U+538d,U+53c1,U+5412,U+5443,U+54d4,U+54dd,U+5541,U+5577,U+5591,U+55f3,U+560f,U+562c,U+5657,U+5664,U+56af,U+575c,U+5769,U+577c,U+578c,U+57b2,U+57da,U+57e4,U+5800,U+5889,U+5aeb,U+5ca3,U+5d26,U+5edb,U+5f01,U+5fb5,U+5fdd,U+6029,U+6041,U+6079,U+60ad,U+60b1,U+629f,U+6332,U+63bc,U+63e0,U+647a,U+65ab,U+65c3,U+65c6,U+6600,U+668c,U+669d,U+66be,U+66f7,U+6800,U+6874,U+68fc,U+690b,U+691f,U+6924,U+6978,U+6989,U+69a7,U+6a3e,U+6a50,U+6a5b,U+6b24,U+6b81,U+6b8d,U+6c10,U+6c3d,U+6c54,U+6d04,U+6d4d,U+6e6b,U+6eb1,U+6ebd,U+7110,U+71b3,U+7230,U+723b,U+728d,U+7292,U+72b8,U+72d2,U+7301,U+731e,U+7360,U+73a2,U+74ff,U+75a0,U+7633,U+771a,U+779f,U+7826,U+7829,U+7877,U+7a39,U+7aa8,U+7ae6,U+7b04,U+7ba6,U+7baa,U+7bac,U+7c1f,U+7ccd,U+7ecb,U+7ed4,U+7ed7,U+7efb,U+7efe,U+7f0d,U+7f26,U+7f31,U+7f35,U+7f5f,U+7faf,U+7fd5,U+801c,U+8027,U+80bc,U+80dd,U+8132,U+815a,U+8167,U+81ca,U+81cc,U+8228,U+8244,U+824f,U+82a1,U+82a9,U+82ab,U+82b4,U+82cc,U+8351,U+8368,U+83b3,U+83b8,U+83d8,U+83f0,U+8497,U+84c1,U+858f,U+85ff,U+867b,U+86a8-86a9,U+870a,U+8734,U+876e,U+877c,U+887e,U+8888,U+88df,U+8919,U+8921,U+8bcc,U+8bdf,U+8be8,U+8bee,U+8c20,U+8c25,U+8c2f,U+8d3d,U+8d59,U+8d67,U+8dbf,U+8df8,U+8dfd,U+8e05,U+9021,U+9044,U+9062,U+908b,U+90b4,U+90ba,U+90d0,U+90eb,U+9123,U+9146,U+918d,U+91aa,U+933e,U+93ca,U+9486,U+948c-948d,U+9490,U+94ad,U+94b2,U+94bd,U+94c8,U+94d6,U+94d9,U+94e9,U+9507,U+951b,U+9546,U+954f,U+955e,U+956b,U+9571,U+95e9,U+960b,U+9612,U+9617,U+96b9,U+989a-989b,U+98d5,U+992e,U+9955,U+9a78,U+9a7d,U+9aa0,U+9aa2,U+9ab0,U+9ac2,U+9b23,U+9b3b,U+9c82,U+9c90,U+9c9e,U+9cad,U+9cc3,U+9cca,U+9cd9,U+9e28,U+9e47,U+9e5a,U+9e6c,U+9ee7,U+9efe,U+9f0b","diff":0,"charsSize":245},{"name":"5f788a0808346e2a8ad2acf6e64aa062.woff2","size":63304,"chars":"U+4e93,U+4ec4,U+4ef5,U+4f27,U+4f7b,U+4fe3,U+5080,U+5121,U+51eb,U+5208,U+5250,U+52f0,U+53f5,U+5453,U+5466,U+54a6,U+54bf,U+54d0,U+5533,U+5549,U+5550,U+5556,U+556d,U+558f,U+55dd,U+55f2,U+55f5,U+5627,U+5658,U+567b,U+56d4,U+571c,U+5739,U+57b4,U+5807,U+58c5,U+59a4,U+59af,U+59d8,U+5a09,U+5a0c,U+5a4a,U+5a62,U+5a67,U+5ad2,U+5b6c,U+5c3b,U+5c50,U+5ca2,U+5cac,U+5d03,U+5d6c,U+5d9d,U+5db7,U+5ebe,U+5f2d,U+5fea,U+5ff8,U+6042,U+6120,U+6175,U+6221-6222,U+623e,U+6339,U+638a,U+643d,U+6485,U+64b8,U+64e2,U+659b,U+6677,U+66e9,U+67b3,U+67c1,U+67d2,U+67fd,U+6832,U+6877,U+68f0,U+6934,U+6966,U+6987,U+6998,U+69c1,U+69ce,U+6a3d,U+6a84,U+6a97,U+6aa9,U+6b87,U+6baa,U+6bd6,U+6c16,U+6c18,U+6cd4,U+6ceb,U+6cee,U+6de0,U+6e0c,U+6ecf,U+6f4b,U+70b7,U+7168,U+71f9,U+72d9,U+7352,U+73b3,U+73d0,U+7441,U+74d2,U+7511,U+75a5,U+75c8,U+75e7-75e8,U+7610,U+7619,U+765e,U+772d,U+7812,U+782c,U+784c,U+7850,U+7856,U+789b,U+78f4,U+7a51,U+7b0f,U+7b15,U+7b1e,U+7b24,U+7b5a,U+7bb8,U+7bc1,U+7bd9,U+7ed0,U+7ee6,U+7efa,U+7f1b,U+7f1f,U+7f22,U+7f45,U+7f71,U+7fa7,U+7fbf,U+7fe5,U+7ff3,U+8052,U+80b1,U+80db,U+80f4,U+80fc,U+816d,U+81bb,U+81ec,U+8202,U+8210,U+8249,U+828a,U+828e,U+82e3,U+8315,U+8369,U+8378,U+83a8,U+83aa,U+83b4,U+83e1,U+83ea,U+84fc,U+8538,U+853b,U+859c,U+85ae,U+86b4,U+86c9,U+86cf,U+8722,U+8725,U+879f,U+87b3,U+87e5,U+887d,U+88fe,U+8a8a,U+8ba6-8ba7,U+8c07,U+8c14,U+8c30,U+8c47,U+8d36,U+8db5,U+8dd7,U+8e1f,U+8e2f,U+8e69,U+8e70,U+8e85,U+8f78,U+8f87,U+8f8b,U+8f8f,U+8f9a,U+90c4,U+90fe,U+9143,U+917d,U+9487,U+948f,U+94cd,U+94d2,U+94ef,U+954a,U+95f3,U+9604,U+9609-960a,U+9615,U+96d2,U+9708,U+9765,U+97ea,U+9880,U+989e,U+98a7,U+996c,U+9980,U+9991,U+9a88,U+9ab6,U+9afb,U+9b47,U+9c87,U+9c9b,U+9cb5,U+9cc7,U+9e2c,U+9e42,U+9e58,U+9e5e,U+9ecd,U+9ecf,U+9f8a,U+9f8c","diff":0,"charsSize":246},{"name":"9ca75baa691040103f390b508f765887.woff2","size":59984,"chars":"U+4ee8,U+4eeb,U+4f5d,U+4fda,U+502d,U+50f3,U+5106,U+520d,U+52ad,U+530d,U+5310,U+53a9,U+53df,U+5421,U+544b,U+5477,U+54e7,U+551b,U+5530,U+5555,U+557e,U+5599,U+55c4,U+55d1,U+55df,U+55e4,U+55ea,U+55ec,U+55ef,U+5623,U+562d,U+5654,U+56eb,U+56f5,U+56f9,U+5704,U+576d,U+57d5,U+57dd,U+584d,U+5880,U+58ec,U+599e,U+59be,U+59dd,U+5a32,U+5a75,U+5abe,U+5b51,U+5b71,U+5b73,U+5bee,U+5cbf,U+5cc4,U+5cd2,U+5ce4,U+5e96,U+607b,U+61d1,U+622e,U+626a,U+636d,U+6371,U+63ae,U+63cd,U+63d6,U+63ff,U+6421,U+64c0,U+661d,U+6657,U+66dc,U+67a5,U+6841,U+6901,U+6954,U+6a47,U+6b46,U+6c4a,U+6c94,U+6ca3-6ca4,U+6d39,U+6d94,U+6e4e,U+705e,U+7116,U+71e7,U+726f,U+72cd,U+72de,U+72f0,U+7325,U+75b1,U+75b8,U+75c2,U+766f,U+7699,U+7719,U+7751,U+777e,U+7791,U+7823,U+7827,U+7889,U+789c,U+795c,U+7a88,U+7a95,U+7aa0,U+7b90,U+7bd1,U+7be6,U+7bfe,U+7cb2,U+7da6,U+7ea3,U+7eb0,U+7ebe,U+7eeb,U+7eef,U+7f08,U+7f25,U+7f2c,U+7f58,U+7f61,U+7f9f,U+7fb8,U+8026,U+8037,U+8153,U+8171,U+8174,U+8191,U+8214,U+821b,U+8222,U+826e,U+82d5,U+82dc,U+82eb,U+8314,U+8334,U+835a,U+8418,U+843c,U+84ff,U+8564,U+8616,U+866c,U+8693,U+86a3,U+86a7,U+86ac,U+86af,U+86b6,U+86c6,U+86ca,U+86d0,U+870d,U+8759,U+8760,U+87af,U+87c6,U+87d1,U+8869,U+88c6,U+8934,U+89ca,U+89ce,U+89d0,U+8b07,U+8ba3,U+8baa-8bab,U+8bc5,U+8bdb,U+8be4,U+8bf0,U+8c15,U+8c2a,U+8d6d,U+8d84,U+8db8,U+8dc4,U+8dc6,U+8dce,U+8ddb,U+8e09,U+8e1d,U+8e39,U+8e3d,U+8e42,U+8e47,U+8e4b,U+8e7f,U+8e8f,U+8f72,U+9005,U+9051,U+9088,U+90b0,U+90d3,U+90e2,U+90e6,U+90ef,U+9104,U+9150,U+9497,U+949c,U+94b9,U+94e0,U+9509,U+9512,U+951f,U+9534,U+9552,U+9557,U+9562,U+9606,U+965f,U+96b0,U+9791,U+9889,U+9894,U+9974,U+9990,U+9a90,U+9a9c,U+9aa7,U+9aef,U+9c88,U+9ca2,U+9cb2,U+9cb6-9cb7,U+9cc5,U+9ccd,U+9cdc,U+9cdf,U+9e22,U+9e2a,U+9e57,U+9e67,U+9e6b,U+9e73,U+9e82,U+9eb8,U+9f9b","diff":0,"charsSize":249},{"name":"a07488094e479a0449abfae752e65f44.woff2","size":61380,"chars":"U+4ebb,U+4edd-4ede,U+4ee1,U+4fa9,U+4ffe,U+5025,U+502c,U+506c,U+50a5,U+51c7,U+51fc,U+523d,U+5241,U+525c,U+530f,U+539d,U+53fc,U+5464,U+549d,U+54a3,U+5514,U+5527,U+555c,U+556e,U+5576,U+55b1,U+55b9,U+55d4,U+55eb,U+5624,U+564c,U+5671,U+5685,U+568f,U+56d7,U+56e1,U+57a1,U+57a7,U+57d9,U+5942,U+5a55,U+5c7a,U+5c98,U+5d06,U+5d27,U+5d6f,U+5df3,U+5dfd,U+5e19,U+5e5b,U+5ea0,U+5eb9,U+5eea,U+5fd2,U+5ffe,U+600f,U+606b,U+6215,U+622c,U+6266,U+62bb,U+62bf,U+6308,U+634b,U+6387,U+63b3,U+63b8,U+63c4,U+63c6,U+63f6,U+6441,U+6555,U+66a7,U+6775,U+678b,U+679e,U+6840,U+6849,U+6860,U+6867,U+68c2,U+6910,U+699b,U+6a28,U+6a2f,U+6a79,U+6b92-6b93,U+6bc2,U+6bfd,U+6c21,U+6c24,U+6c29,U+6c32,U+6c35,U+6c86,U+6cc5,U+6d0c,U+6d60,U+6d63,U+6d6f,U+6da0,U+6ddd,U+6e86,U+6ed3,U+6edf,U+6fb9,U+6fd1,U+6fef,U+7023,U+7080,U+70ca,U+712f,U+7145,U+7284,U+732c,U+7350,U+7391,U+73c8,U+73d9,U+740a,U+741a,U+7457,U+757f,U+7583,U+7596,U+759d,U+75a3,U+75b4,U+75d8,U+75e3-75e4,U+75f1,U+75ff,U+7622,U+7688,U+76b4,U+76e5,U+7818,U+7887,U+789a,U+78b2,U+7a17,U+7b08,U+7b33,U+7c2a,U+7ccc,U+7ea8,U+7ec0,U+7fe6,U+8012,U+8084,U+8093,U+80e4,U+80ef,U+8297,U+82a8,U+82be,U+830c,U+8331,U+8366,U+83c5,U+83d6,U+83fd,U+8473,U+84a1,U+84ca,U+84d1,U+8572,U+857b,U+85c1,U+85d3,U+8605,U+8662,U+86aa,U+86b1,U+86d4,U+86ed,U+86f3,U+8708-8709,U+8748,U+874c,U+8763,U+89c7,U+89de,U+89e5,U+8a3e,U+8bc2,U+8c00,U+8c21,U+8c49,U+8c62,U+8c7a,U+8c89,U+8d30,U+8d49,U+8d94,U+8df9,U+8e2e,U+8e51,U+8e59,U+8f6b,U+8f73,U+8ff3,U+9016,U+9026,U+902f,U+907d,U+9082,U+9099,U+909b,U+90c7,U+914a,U+91ae,U+91ba,U+9495,U+94a3-94a4,U+94af,U+94ba,U+94bf,U+94cb-94cc,U+94e1,U+94f0,U+9531,U+9553,U+955d,U+9697,U+96bc,U+975b,U+977c,U+98a2,U+998a,U+9994-9995,U+9a9b,U+9ab7,U+9ac5,U+9c91,U+9cb3,U+9ccf,U+9cd5,U+9e29,U+9edc,U+9edf-9ee0,U+9f83,U+9f88-9f89","diff":0,"charsSize":252},{"name":"e4d2b6334328a631a0da38303d00a2ee.woff2","size":61324,"chars":"U+4eb5,U+4f09,U+4f22,U+4f43,U+4f57,U+4f6f,U+4fce,U+4fea,U+4ff3,U+4ff8,U+500c,U+500f,U+504e,U+507b,U+5088,U+5345,U+53fb,U+5457,U+5482,U+549b,U+54a7,U+54cc,U+54d2,U+550f,U+5544,U+558b,U+5594,U+559f,U+55d6,U+55e8,U+564e,U+565c,U+5785,U+57a9,U+57ad,U+57ed,U+5914,U+5958,U+59aa,U+5a06,U+5a40,U+5ae1,U+5ae6,U+5b40,U+5b6a,U+5b93,U+5c99,U+5c9c,U+5cc1,U+5ccb,U+5d2e,U+5d47,U+5d4b,U+5d99,U+5e54,U+5e61,U+6002,U+6014,U+603f,U+6078,U+607d,U+607f,U+608c,U+609a,U+60c6,U+60f4,U+60fa,U+61ff,U+621b,U+621f,U+62c8,U+631b,U+631e,U+6410,U+6414,U+6448,U+64d8,U+6635,U+6641,U+6710,U+6748,U+6772,U+67ad,U+67b0,U+67b7,U+680e,U+695d,U+69ab,U+6c68,U+6c8f,U+6d2e,U+6d35,U+6d9e,U+6dd9,U+6dec,U+6e11,U+6e98,U+6ec2,U+6ee2,U+6f66,U+6f8d,U+6fc9,U+6fe0,U+7094,U+70e9,U+7119,U+723f,U+729f,U+73c9,U+73de,U+7430,U+74e4,U+753e,U+7548,U+75bd,U+75cd,U+7618,U+7634,U+76c5,U+76f1,U+7708,U+778c,U+77b3,U+77dc,U+7800,U+781d,U+782d,U+7830,U+783b-783c,U+7893,U+78a3,U+78ec,U+7949,U+7980,U+79e3,U+7a14,U+7a23,U+7afd,U+7b95,U+7c0c,U+7c41,U+7c91,U+7cc5,U+7ec2,U+7ecc,U+7f03-7f04,U+7fca,U+8006,U+8069,U+807f,U+80bd,U+814b,U+8198,U+8200,U+828d,U+82c4,U+82cb,U+82d2,U+82f7,U+832d,U+834f,U+840b,U+8438,U+847a,U+84d6,U+84e5,U+852b,U+8537,U+85d0,U+8671,U+869d,U+86a4,U+86f0,U+86f9,U+8703,U+8707,U+8737,U+873b,U+8782,U+87a8,U+87d2,U+87e0,U+8815,U+8839,U+8913,U+891b,U+8941,U+8a07,U+8bc3,U+8bcb,U+8bcf,U+8bd2,U+8c0c,U+8c11,U+8c29,U+8c32,U+8c4c,U+8d45,U+8dfa,U+8e31,U+8e49,U+8e6d,U+8e76,U+8f71,U+9004,U+9036,U+9097,U+90d7,U+90dc,U+9169,U+919a,U+91b4,U+938f,U+9485,U+94db,U+9506,U+950f,U+9528,U+9542,U+9549,U+9563,U+9573,U+95fe,U+961a,U+9649,U+9701,U+970e,U+972d,U+973e,U+9798,U+97a3,U+97eb,U+988c,U+98a6,U+98d3,U+98d9,U+9968,U+996f,U+9977,U+997d,U+9984,U+9997,U+9a9d,U+9acb,U+9e20,U+9e49,U+9e4c,U+9e51,U+9e66,U+9f3e","diff":0,"charsSize":252},{"name":"f4b154b39b951a5b533e74aa932b1806.woff2","size":61920,"chars":"U+4eb3,U+4ec9,U+4f0e,U+4f5a,U+4f64,U+4f8f,U+4fdf,U+501c,U+50a9,U+510b,U+51a2,U+527d,U+52be,U+5420,U+5429,U+542e,U+5486,U+5499,U+54af,U+54c6,U+5506,U+5511,U+5522,U+552c,U+556c,U+55b3,U+55bd,U+55e6,U+55fd,U+5639,U+567c,U+568e,U+5693,U+572a,U+5768,U+577b,U+5892,U+598a,U+59f9,U+5a11,U+5a20,U+5ae3,U+5b17,U+5b7d,U+5bb8,U+5c15,U+5d34,U+5d3d,U+5d4a,U+5d82,U+5e1a-5e1b,U+5ea5,U+5f77,U+5fcf-5fd1,U+5fd6,U+5fff,U+6006,U+6035,U+6063,U+60af,U+60b4,U+60bb,U+60da,U+612b,U+6194,U+61ca,U+61e6,U+61f5,U+620a,U+6248,U+62a1,U+62d7,U+637b,U+63e9,U+64b5,U+655d,U+65bc,U+65cc,U+65ce,U+65d6,U+6619,U+664c,U+665f,U+66b9,U+6773,U+6777,U+6787,U+67e9,U+6845,U+684e,U+688f,U+693d,U+696b,U+6994,U+69b7,U+6a35,U+6a58,U+6c26,U+6d43,U+6d54,U+6d5c,U+6d8e,U+6dd6,U+6e6e,U+6e9f,U+6ef9,U+6f09,U+6f2a,U+6f78,U+6fc2,U+704f,U+70ec,U+7118,U+714a,U+724d,U+72c8,U+7337,U+733e,U+73b7,U+73cf,U+7428,U+74f4,U+7525,U+753a,U+7566,U+7572,U+7579,U+75c9,U+75e2,U+75fc,U+762a,U+7638,U+7678,U+768e,U+76c2,U+76f9,U+7762,U+77cd,U+77fd,U+7825,U+7837,U+78b4,U+795f,U+7a1e,U+7b20,U+7ba9,U+7bab,U+7bdd,U+7c7c,U+7cb3,U+7cbd,U+7cdc,U+7ec9,U+7ef6,U+7f19,U+7f44,U+7f54,U+7f94,U+8004,U+800b,U+8019,U+809b,U+80ae,U+80c4,U+80ed,U+80f1,U+8146,U+816e,U+817c,U+81c0,U+81fc,U+81fe,U+830f,U+832f,U+8360,U+8365,U+8385,U+8392,U+83a0,U+8424,U+84af,U+869c,U+86ce,U+8713,U+8717-8718,U+87c0,U+87cb,U+8821,U+8936,U+89d1,U+8bb9,U+8bd8,U+8be9,U+8c0f,U+8c12,U+8d32,U+8d53,U+8d5d,U+8d73,U+8df7,U+8f7c,U+8f95,U+8fab,U+8fe4,U+9041,U+9052,U+905b,U+9095,U+909d,U+90c5,U+911e,U+9122,U+916a,U+919b,U+92ae,U+948e,U+9492,U+949a,U+94a1,U+94b5,U+94bc,U+94c4,U+94c9,U+94e7,U+9502-9503,U+9511,U+9517,U+9536-9537,U+9602,U+9616,U+9621,U+9631,U+96c9,U+96f3,U+9739,U+9753,U+98d2,U+98da,U+998b,U+99a5,U+9a81,U+9a9e,U+9b03,U+9c85,U+9ca8,U+9cab,U+9ebe,U+9f10,U+9f8b","diff":0,"charsSize":255},{"name":"efffdd25c4e6acc182929299a082aa38.woff2","size":61568,"chars":"U+4e15,U+4e1e,U+4e2b,U+4f2b,U+4f3d,U+4fac,U+5043,U+5055,U+5140,U+5156,U+51bc,U+51cb,U+5243,U+52d0,U+531d,U+536f,U+53a5,U+53ae,U+53f1,U+53fd,U+541d,U+5431,U+547b,U+5492,U+5494,U+54a4,U+54aa,U+54ce,U+54fd,U+5509,U+5520,U+553e,U+557b,U+55c5,U+55d2,U+55e1,U+55f7,U+5608,U+561f,U+5636,U+563b,U+5659,U+5662,U+5773,U+57a0,U+5811,U+587e,U+58d5,U+5992,U+59a9,U+59e3,U+5a29,U+5a6a,U+5a76,U+5a7a,U+5ac9,U+5b62,U+5b95,U+5c49,U+5c8c,U+5cab,U+5cb7,U+5d02,U+5d58,U+5e44,U+5e7a,U+5eff,U+5f0b,U+5f29,U+5f89,U+5f9c,U+5fa8,U+6005,U+6026,U+6043,U+60d8,U+60ec,U+60ee,U+60f0,U+6115,U+618e,U+630e,U+6376,U+637a,U+6390,U+63ac,U+63b0,U+64de,U+6525,U+652b,U+6538,U+65ee-65ef,U+6631,U+6636,U+6654,U+6666,U+6684,U+677c,U+67b8,U+67d8,U+67de,U+683e,U+6886,U+68b5,U+692d,U+6979,U+6988,U+6b59,U+6b9a,U+6c69,U+6c74,U+6cae,U+6ce0,U+6cef,U+6d95,U+6dc5,U+6dde,U+6de6,U+6dfc,U+6ea7,U+6eb4,U+6f15,U+6f29,U+7096,U+70c3,U+7131,U+715c,U+7166,U+7172,U+71b9,U+7266,U+728a,U+7317,U+731d,U+7329,U+7396,U+73e9,U+7425,U+742c,U+742e,U+7455,U+7490,U+74ee-74ef,U+7519,U+75b5,U+75b9,U+75d4,U+75de,U+7656,U+765c,U+7663,U+7691,U+7729,U+777d,U+77fe,U+783e,U+787c,U+795a,U+79ed,U+7a79,U+7abf,U+7b06,U+7b3a,U+7b4f,U+7b60,U+7b75,U+7b8d,U+7bb4,U+7bd3,U+7be1,U+7cbc,U+7edb,U+7f1c,U+7f30,U+7f42,U+7f8c,U+7fb2,U+7fb9,U+7fce,U+7ff1,U+810d,U+81c6,U+822b,U+82a5,U+82aa,U+82de,U+8317,U+8340,U+8343,U+835e,U+8364,U+836a,U+853a,U+8543,U+854a,U+8559,U+8568,U+85b0,U+85b9,U+864f,U+86e4,U+8715,U+87fe,U+8845,U+8884,U+88e8,U+88f1,U+8902,U+8983,U+8c1f,U+8c27,U+8c82,U+8d58,U+8dbe,U+8e7c,U+8f98,U+9035,U+9074,U+90a1,U+9149,U+9157,U+93d6,U+949d,U+94c2,U+94c6,U+94e3-94e4,U+94f1,U+956f-9570,U+95eb,U+95f0,U+9611,U+9619,U+9642,U+968d,U+9706,U+970f,U+97ed,U+988a,U+9893,U+98e8,U+9a77,U+9a87,U+9aa1,U+9abc,U+9cdd,U+9e2f,U+9e33,U+9e44,U+9e5c,U+9e9d,U+9edd","diff":0,"charsSize":255},{"name":"d8585db669f168417b8f58da104969aa.woff2","size":61620,"chars":"U+4e56,U+4f58,U+4f6c,U+4f70,U+4fd0,U+4fe8,U+5014,U+5197,U+51bd,U+524c,U+5315,U+5323,U+535e,U+53e8,U+540f,U+542d,U+545b,U+548e,U+549a,U+54ab,U+54ee,U+54fc,U+5567,U+556a,U+5600,U+5618,U+563f,U+5669,U+56f1,U+56ff,U+573b,U+574d,U+579b,U+57b8,U+57c2,U+586c,U+58f9,U+5944,U+595a,U+598d,U+5993,U+5996,U+59d7,U+5b7a,U+5ba6,U+5c4e,U+5c96,U+5ce5,U+5e4c,U+5eb6,U+5f08,U+5f99,U+602f,U+6059,U+606c,U+607a,U+608d,U+60b8,U+60ed,U+61a9,U+620c,U+6249,U+62a8,U+62c4,U+62ed,U+62fd,U+6342,U+6345,U+6396,U+63a3,U+63c9,U+6400,U+6402,U+6413,U+642a,U+6487,U+64a9,U+64ac,U+64ae,U+64b7,U+6556,U+659f,U+65a1,U+6615,U+667e,U+66f3,U+67e0,U+6963,U+69db,U+69df,U+6a80,U+6aac,U+6b83,U+6b86,U+6c30,U+6c50,U+6c5e,U+6c76,U+6c85,U+6c8c,U+6cad,U+6cde,U+6d19,U+6d31,U+6d52,U+6d93,U+6da7,U+6dae,U+6db8,U+6dbf,U+6e1a,U+6e25,U+6e4d,U+6e5f,U+6ec1,U+6f31,U+6f5e,U+6f7a,U+6fa7,U+6fe1,U+701b,U+70ab,U+70f7,U+717d,U+71a8,U+7252,U+72c4,U+72e1,U+72e9,U+7315,U+736d,U+73ae,U+73c0,U+73c2,U+740f,U+745a,U+752d,U+759f,U+75a4,U+75f0,U+7600-7601,U+7629,U+768b,U+76bf,U+76d4,U+7728,U+772f,U+776c,U+77a0,U+77b0,U+77f8,U+783a,U+78d0,U+78fa,U+7977,U+7a37,U+7a92,U+7afa,U+7b71,U+7b94,U+7ce0,U+7cef,U+7f28,U+7f2b,U+7fe1,U+808b,U+80e5,U+80eb,U+8110,U+8113,U+812f,U+8148,U+814c,U+81ba,U+81c3,U+8235,U+828b,U+82d4,U+8309,U+83c1,U+8431,U+8469,U+84bf,U+84d3,U+84df,U+84e6,U+8511,U+8638,U+86c0,U+86db,U+86fe,U+8757,U+8783,U+8822,U+8859,U+8882,U+8885,U+8892,U+88a4,U+88f3,U+892a,U+8ba5,U+8bd9,U+8be0-8be1,U+8be7,U+8bfd,U+8c1a,U+8c24,U+8c5a,U+8d4a,U+8d4e,U+8d66,U+8dda,U+8e0c,U+8e52,U+8e74,U+8e87,U+8f76,U+8fc2,U+8fe6,U+900d,U+9068,U+90ac,U+90b3,U+90b8,U+90e7,U+9119,U+9131,U+915a,U+916e,U+94a8,U+94b4,U+94d0,U+94e2,U+94ec,U+94ff,U+9522,U+9535,U+9556,U+965b,U+96f9,U+9774,U+9981,U+998d,U+998f,U+9a6e,U+9a7f,U+9a8a,U+9ab8,U+9b13,U+9c9f,U+9e3e,U+9e43,U+9e6d,U+9e8b,U+9e92,U+9edb,U+9eef","diff":0,"charsSize":260},{"name":"7b84b0539484746a1abe1c1391f274db.woff2","size":60736,"chars":"U+4e10,U+4e98,U+4ec3,U+4f36,U+4f3a,U+4f5f,U+4f84,U+4f88,U+4f97,U+4fa5,U+504c,U+5201,U+52fa,U+5364,U+5366,U+5406,U+543c,U+545c,U+5471,U+5480,U+5495,U+54b3,U+54df,U+54e6,U+557c,U+5583,U+55dc,U+55e3,U+5632,U+566c,U+5676,U+56b7,U+56da,U+5742,U+57a2,U+5815,U+5919,U+592f,U+5955,U+5983,U+59ca,U+59e5,U+5a13,U+5a34,U+5a7f,U+5b09,U+5b70,U+5bd0,U+5bf0,U+5c94,U+5ce6,U+5d69,U+5dc5,U+5e27,U+5eb5,U+5f1b,U+5f3c,U+5f95,U+604d,U+60cb,U+60e6,U+61a7,U+61ac,U+61cb,U+6233,U+62a0,U+62ce,U+62e7,U+62ee,U+62f4,U+62f7,U+631f,U+634e,U+6382,U+63ea,U+645e,U+6479,U+6482,U+655b,U+6593,U+660a,U+664f,U+66e6,U+672d,U+675e,U+67c4,U+67da,U+6805,U+6808-6809,U+6868,U+68a2,U+693f,U+695e,U+69ad,U+6a90,U+6be1,U+6cb1,U+6cf1,U+6da3,U+6daa,U+6dc6-6dc7,U+6e0d,U+6e32,U+6e3a,U+6e43,U+6e85,U+6eba,U+6f3e,U+6f7c,U+6f88,U+6fee,U+70d9,U+7109,U+71ee,U+722a,U+72b7,U+73ba,U+73d1,U+73f2,U+7409,U+7435-7436,U+7459,U+747e,U+7487,U+748b,U+74e2,U+7504,U+752c,U+7599-759a,U+75a1,U+75ca,U+75d2,U+75eb,U+761f,U+766b,U+7738,U+773a,U+777f,U+7785,U+77a5,U+77aa,U+77bf,U+78d5,U+7934,U+7940,U+795b,U+796f,U+79a7,U+7aa5,U+7b03,U+7b19,U+7bf1,U+7c38,U+7c95,U+7cb1,U+7ead,U+7ec5,U+7eca,U+7ef7,U+7f0e,U+7f81,U+7f9a,U+7fcc,U+8046,U+8098,U+80f0,U+8165,U+819b,U+8237-8238,U+82ae,U+82b7,U+82ce,U+82d3,U+8301,U+830e,U+831c,U+8338,U+837c,U+8393,U+8398,U+83ba,U+83e0,U+83e9,U+8426,U+853c,U+8654,U+86df,U+8712,U+871a,U+873f,U+874e,U+8910,U+891a,U+8925,U+8bb4,U+8bb7,U+8bff,U+8c06,U+8c0d,U+8c19,U+8c1b,U+8c2c,U+8d61,U+8db4,U+8de4,U+8e1e,U+8e66,U+8e6c,U+8f84,U+8f8a,U+8fe5,U+8ff8,U+901e,U+90e1,U+90f4,U+912f,U+9163,U+9165,U+9170,U+91c9,U+91dc,U+949b,U+94b3,U+94c0,U+94e8,U+9504,U+9525,U+9530,U+9532,U+9539,U+954c-954d,U+9550,U+955b,U+95fa,U+962a,U+9685,U+96cc,U+9704,U+9776,U+988d,U+9975,U+9985,U+9a6f,U+9aa5,U+9c7f,U+9ca4,U+9cb8,U+9e25,U+9e35,U+9e4a","diff":0,"charsSize":256},{"name":"a797baf4cfecf3d6b4ad7685bf3c16d6.woff2","size":61388,"chars":"U+4ea8,U+4ec7,U+4f1e,U+4f51,U+4f63,U+4f7c,U+4f83,U+4fa0,U+4fd1,U+4ffa,U+5018,U+5026,U+508d,U+50bb,U+50e7,U+50f5,U+50fb,U+515c,U+51a4,U+51ff,U+5254,U+5319,U+5320,U+5375,U+538c,U+5413,U+541f,U+5475,U+54bd,U+54d1,U+54fa,U+5587,U+5589,U+5598,U+55a7,U+575f,U+576f,U+5777,U+57ae,U+5937,U+5974,U+5978,U+59ae,U+5a1f,U+5a49,U+5ab3,U+5b99,U+5b9b,U+5bb5,U+5bc5,U+5be1,U+5be5,U+5c09,U+5c27,U+5d29,U+5e18,U+5e9a,U+5f26,U+5f57,U+5f8a,U+5f98,U+6021,U+606d,U+60bc,U+60d5,U+60e7,U+611a,U+614c,U+61d2,U+6254,U+625b,U+626f,U+6292,U+6296,U+62b9,U+62e2,U+631a,U+631d,U+6320,U+6346,U+63ba,U+6467,U+64bc,U+64c2,U+658b,U+6590,U+65a7,U+6643,U+6652,U+6656,U+6687,U+66d9,U+66dd,U+66f0,U+673d,U+67ab,U+6816-6817,U+68a7,U+68ad,U+68cd,U+68d8,U+68e0,U+6930,U+6986,U+69fd,U+6b47,U+6bd7,U+6c1f,U+6c2e-6c2f,U+6c7e,U+6ca5,U+6cbe,U+6d3c,U+6de4,U+6e1d,U+6e83,U+6e9c,U+6ed4-6ed5,U+6f33,U+6f4d,U+70eb,U+70f9,U+711a,U+7130,U+716e,U+718f,U+71ac,U+71e5,U+72fc,U+7316,U+731c,U+7334,U+73ca,U+7422,U+7426,U+745f,U+7470,U+7574,U+75af,U+75f4,U+763e,U+7696,U+7737,U+7741,U+7792,U+77a7,U+77bb,U+77e9,U+77ee,U+785d,U+788c,U+78c5,U+78ca,U+7901,U+796d,U+7985,U+79e4,U+79fd,U+7a3c,U+7a57,U+7ad6,U+7c3f,U+7caa,U+7cb9,U+7cd5,U+7cdf,U+7eac,U+7eb6,U+7ece,U+7ed1,U+7ee5,U+7f09,U+7f2a,U+7f38,U+7f69,U+7fa1,U+8018,U+8038,U+803b,U+803f,U+804b,U+80be,U+80d6,U+817a,U+81fb,U+820c,U+82ad,U+82af,U+82bd,U+8327,U+8354,U+835f,U+8367,U+836b,U+840c,U+841d,U+8471,U+849c,U+84b2,U+84c9,U+8517,U+851a,U+8549,U+8681,U+8721,U+8776,U+88d9,U+88f9,U+89c5,U+8bb3,U+8beb,U+8c1c,U+8c23,U+8c34,U+8d1e,U+8d81,U+8e0a,U+8e72,U+8e81,U+8eb2,U+8fed,U+901b,U+906e,U+9091,U+90aa,U+90af,U+915d,U+9171,U+946b,U+9489,U+9499,U+94a5,U+94be,U+94ee,U+9508,U+950c,U+9524,U+952d,U+9551,U+9576,U+95f7,U+9600,U+9647,U+96c0,U+96cf,U+9716,U+9756,U+97e7,U+97f6,U+98a0,U+98a4,U+9a73,U+9a7c,U+9a86,U+9ad3,U+9cd6,U+9e3d,U+9ed4","diff":0,"charsSize":261},{"name":"9e202c3d270cd56c5fae100709e8d39c.woff2","size":60704,"chars":"U+4ea2,U+4ea5,U+4f8d,U+4fa3,U+4fae,U+4fd8,U+501a,U+5029,U+516e,U+5195,U+51a5,U+51c4,U+51db,U+51f8,U+5220,U+5228,U+527f,U+5288,U+5321,U+5352,U+53e9,U+5450,U+5484,U+5490,U+54c7,U+54c9,U+54e9,U+5501,U+56a3,U+56bc,U+56e4,U+5703,U+5729,U+575e,U+57a3,U+589f,U+58d1,U+592d,U+5984,U+5a04-5a05,U+5a25,U+5a36,U+5a77,U+5a9b,U+5ab2,U+5b75,U+5bc7,U+5bdd,U+5c41,U+5c51,U+5c79,U+5c91,U+5cd9,U+5ced,U+5e16,U+5e87,U+5f13,U+5f27,U+5f64,U+5ffb,U+6020,U+6055,U+6096,U+60eb,U+60f6,U+6123,U+6151,U+618b,U+61a8,U+620d-620e,U+6241,U+6273,U+627c,U+6289,U+62c7,U+62cc,U+62d9,U+634d,U+6363,U+63b7,U+6452,U+64ce,U+64d2,U+6518,U+66ae,U+6726,U+6756,U+6789,U+6829,U+6853,U+6862,U+6866,U+6897,U+68e3,U+68f1,U+68fa,U+6942,U+6995,U+69a8,U+69b4,U+69cc,U+6a1f,U+6a44,U+6a59,U+6a71,U+6b89,U+6bcb,U+6bd3,U+6bd9,U+6c40,U+6cbd,U+6cd7,U+6cf8,U+6cfe,U+6d4f,U+6d85,U+6da1,U+6e0e,U+6e44,U+6ea5,U+6ee6,U+6f2f,U+6f8e,U+701a,U+7078,U+7095,U+7099,U+709c,U+70af,U+70bd,U+70db,U+70e8,U+70fd,U+714e,U+715e,U+7184,U+71ce,U+7235,U+7239,U+72f8,U+733f,U+7480,U+749c,U+749e,U+74a7-74a8,U+74e3,U+75ae,U+75f9,U+7620,U+7693,U+76cf,U+776b,U+778e,U+77e3,U+7852,U+78be,U+7948,U+7960,U+797a,U+79ba,U+79be,U+79c3,U+79c6,U+79f8,U+7a20,U+7a96,U+7aa6,U+7b28,U+7b50,U+7b77,U+7bc6,U+7c27,U+7cd9,U+7d0a,U+7d6e,U+7ee2,U+7eee,U+7ef0,U+7efd,U+7f24,U+7f2d-7f2e,U+7f79,U+800d,U+80da,U+80e7,U+80f3,U+80fa,U+8151,U+818a,U+81b3,U+81e7,U+8299,U+82b8,U+82db,U+8339,U+837b,U+8386,U+83bd,U+83cf,U+8475,U+85c9,U+85d5,U+85dc,U+85e9,U+868c,U+8747,U+8749,U+8774,U+888d,U+88f4,U+8912,U+8b6c,U+8be3,U+8bec,U+8bf2,U+8c0e,U+8d26,U+8d31,U+8d48,U+8e4a,U+8f97,U+8f99,U+8fe9,U+9083,U+914c,U+918b,U+94a0,U+94b0,U+94ce,U+94f5,U+951a,U+952f,U+956d,U+95f5,U+9640,U+9668,U+9672,U+968b,U+9698,U+96bd,U+96cd,U+96ef,U+9713,U+9773,U+97ec,U+9885,U+9890,U+996a,U+997a,U+9992,U+9a74,U+9a79,U+9a8b,U+9cbb,U+9cc4,U+9ccc","diff":0,"charsSize":260},{"name":"980ef45672f2ef3410e5e4a5f46e730e.woff2","size":61852,"chars":"U+4e4d,U+4e5e,U+4ed5,U+4fef,U+50a3,U+50da,U+5189,U+51f3,U+51f9,U+5203,U+52ff-5300,U+532e,U+533e-533f,U+5351,U+53db,U+53ed-53ee,U+5435,U+543b,U+5455,U+548b,U+548f,U+54d7,U+5507,U+5543,U+5578,U+55d3,U+560e,U+5760,U+5830,U+58a9,U+5962,U+59e8,U+59ec,U+5a07,U+5a23,U+5a3c,U+5a9a,U+5ac2,U+5ad6,U+5b5a,U+5bde,U+5c2c,U+5c34,U+5c7f,U+5cb1,U+5ce8,U+5cea,U+5d0e,U+5d4c,U+5deb,U+5e3c,U+5ed3,U+5f5d,U+5f87,U+5fe1,U+5ff1,U+6016,U+601c,U+6064,U+606a,U+60df,U+60f9,U+6177,U+6252,U+62c2,U+62e3,U+62ef,U+62f1,U+634f,U+6361,U+63a0,U+63e3,U+6401,U+6405,U+6495,U+6512,U+6577,U+65a9,U+65f7,U+6627,U+6655,U+6714,U+6795,U+67d1,U+67ff,U+6813,U+6893,U+68b3,U+68d5,U+690e,U+6960,U+6977,U+6984,U+69bb,U+69d0,U+6a31,U+6b7c,U+6ba1,U+6bb4,U+6c13,U+6c22,U+6c72,U+6c79,U+6c81,U+6c90,U+6c93,U+6ca6,U+6cbc,U+6ccc,U+6cd3,U+6ce3,U+6cfb,U+6d4a,U+6d5a,U+6d9f,U+6da9,U+6dcc,U+6df3,U+6e2d,U+6eaf,U+6ec7,U+6ee4,U+6f13,U+6f62,U+6fa1,U+7011,U+707c,U+708a,U+70c1,U+70d8,U+7194,U+71a0,U+7280-7281,U+72d0,U+7357,U+7384,U+73ab,U+7405,U+7410,U+742a,U+745b-745c,U+7578,U+75ea,U+7682,U+76b1,U+76ce,U+7736,U+77d7,U+77e2,U+77eb,U+77f6,U+780c,U+781a,U+789f,U+7941,U+7a1a,U+7a8d,U+7a98,U+7a9c,U+7aff,U+7b1b,U+7b5d,U+7bf7,U+7c07,U+7c9f,U+7ca5,U+7e82,U+7eab,U+7eda,U+7ede,U+7f00,U+7f15,U+7f9e,U+7fd8,U+7fdf,U+7fe9,U+803d,U+80aa,U+80b4,U+8116,U+813e,U+8155,U+817b,U+819d,U+8205,U+821c,U+82b9,U+82c7,U+82df,U+82ef,U+8304,U+832c,U+8335,U+83b9,U+8446,U+846b,U+853d,U+8587,U+85af,U+85fb,U+8611,U+8650,U+865e,U+8682,U+868a,U+86d9,U+86ee,U+8700,U+8862,U+889c,U+88d4,U+88d8,U+88f8,U+895f,U+8a79,U+8bb6,U+8bbd,U+8bc0,U+8bf5,U+8c41,U+8c79,U+8d3b-8d3c,U+8d50,U+8dcb,U+8dea,U+8e29,U+8e35,U+8e44,U+8eac,U+8eaf,U+8f8d,U+8fe2,U+9017,U+9050,U+90f8,U+914b,U+916f,U+9175-9176,U+948a,U+94ae,U+94f2,U+9540-9541,U+962e,U+9661,U+9699,U+9761,U+97a0,U+9a6d,U+9a85,U+9a8f,U+9ae6,U+9cd7,U+9cde,U+9e26,U+9e93,U+9f9f","diff":0,"charsSize":264},{"name":"30ea2b3461902d5c4a208b97641fdef6.woff2","size":62304,"chars":"U+4e11,U+4e19,U+4e38,U+4e53,U+4e7e,U+4e9f,U+4ec6,U+4ed1,U+4f50,U+4fde,U+502a,U+5154,U+5162,U+517d,U+51d1,U+51f0,U+5239,U+5256,U+52c9,U+52fe,U+5308,U+532a,U+535c,U+5384,U+53a2,U+53a8,U+53c9,U+53e0,U+5496,U+54ac,U+54c0,U+54c4,U+54e8,U+5561,U+5566,U+5582,U+561b,U+5631,U+566a,U+5764,U+576a,U+5792,U+57ab,U+57e0,U+584c,U+5885,U+58f6,U+594e,U+59a8,U+5acc,U+5b5c,U+5ba0,U+5bc2,U+5c38-5c39,U+5c60,U+5c6f,U+5c82,U+5c90,U+5d16,U+5dcd,U+5de2,U+5e37,U+5e90,U+5eb8,U+5f6a,U+5fcc,U+6012,U+6068,U+6073,U+607c,U+6094,U+6109,U+6127,U+621a,U+626e,U+6284,U+62d0,U+62e6,U+62fe,U+6321,U+6328,U+632b,U+6349,U+638f,U+63a9,U+6454,U+655e,U+6591,U+65a5,U+65ed,U+660f,U+663c,U+6674,U+66a8,U+6735,U+6749,U+674f,U+6760,U+67af,U+67ef,U+6850,U+6854,U+6869,U+68a8,U+68d2,U+68f5,U+6912,U+6b49,U+6b6a,U+6bef,U+6c28,U+6c5d,U+6c82,U+6cab,U+6cb8,U+6cc4,U+6cf5,U+6d47,U+6d51,U+6d74,U+6d78,U+6d9d,U+6da4,U+6daf,U+6dc4,U+6dcb,U+6df9,U+6e0a,U+6e23,U+6e5b,U+6e89,U+6eb6,U+6f06,U+6f47,U+6f84,U+6f9c,U+6fd2,U+7076,U+70ac,U+70b3,U+70ef,U+7199,U+723d,U+72ac,U+72ed,U+7476,U+7529,U+752b,U+754f,U+7554,U+75d5,U+7626,U+762b,U+76ef,U+7720,U+7766,U+7784,U+77ac,U+780d,U+7838,U+7845,U+786b,U+78b3,U+7978,U+7984,U+79b9,U+79c9,U+79e7,U+7a3d,U+7a74,U+7a84,U+7a9f,U+7b0b,U+7b52,U+7b5b,U+7c7d,U+7c98,U+7ee3,U+7f1a,U+7f20,U+7fc5,U+7fd4,U+7ff0,U+8042,U+804a,U+8086-8087,U+808c,U+809a,U+80a2,U+80ba,U+810a,U+814a,U+8180,U+818f,U+81c2,U+81ed,U+8231,U+8292,U+829c,U+82a6,U+82d1,U+8346,U+838e,U+839e,U+83c7,U+83f1,U+8403,U+840e,U+8513,U+857e,U+859b,U+85e4,U+867e,U+871c,U+87ba,U+87f9,U+884d,U+8944,U+8a93,U+8c05,U+8c10,U+8d2c,U+8d2e,U+8d42-8d43,U+8d9f,U+8dfb,U+8e22,U+8eba,U+8f69,U+8f9c,U+8fa3,U+8fa8,U+8fb1,U+900a,U+902e,U+9038,U+903b,U+9042,U+904f,U+90b5,U+90dd,U+9102,U+9187,U+94a7,U+94c5,U+9523,U+95f8,U+95fd,U+960e,U+964b-964c,U+96b6,U+96c1,U+9709,U+971c,U+97ad,U+97f5,U+9882,U+9965,U+9976,U+997f,U+9988,U+99a8,U+9a82,U+9a9a,U+9b3c,U+9b41,U+9b44,U+9c8d,U+9e45,U+9e70,U+9e9f,U+9f3b,U+9f7f","diff":0,"charsSize":277},{"name":"a80f36e68e87f9182061d56fbe5ee613.woff2","size":62204,"chars":"U+4e18,U+4e22,U+4e52,U+4ead,U+4ed7,U+4ef0,U+4fcf,U+4fe9,U+4fed,U+50ac,U+50b2,U+5112,U+5179,U+5180,U+5188,U+51f6,U+522e,U+5265,U+529d,U+52cb,U+52df,U+5306,U+5349,U+5367,U+5378,U+537f,U+5395,U+5398,U+53d4,U+541e,U+543e,U+5440,U+5446,U+54b1,U+54b8,U+54ed,U+5565,U+5580,U+55bb,U+56ca,U+572d,U+573e,U+574a,U+574e,U+5782-5784,U+58e4,U+58f3,U+5938-5939,U+5948,U+5951,U+5986,U+59fb,U+5a03,U+5a1c,U+5a74,U+5ae9,U+5b55,U+5b5d,U+5bb0,U+5bd3,U+5bf8,U+5c3a,U+5c3f,U+5c48,U+5c61,U+5d14,U+5d2d,U+5df7,U+5dfe,U+5e05-5e06,U+5e15,U+5e1c,U+5e62,U+5e7b,U+5e7d,U+5e99,U+5e9e,U+5ed6,U+5f17,U+5f25,U+5f2f,U+5f66,U+5f6c,U+5fa1,U+6028,U+604b,U+609f,U+60a6,U+60e8,U+6101,U+6124,U+6148,U+61be,U+6247,U+629b,U+62ab,U+62d8,U+62da,U+633d,U+635e,U+6367,U+6380,U+63fd,U+641c,U+6491-6492,U+64b0,U+64e6,U+6572,U+662d,U+6691,U+67a2-67a3,U+67d4,U+680b,U+6876,U+68da,U+6905,U+6a0a,U+6a61,U+6b3a,U+6b79,U+6bb7,U+6bbf,U+6c41,U+6c55,U+6c5b,U+6c70,U+6c83,U+6c9b,U+6ca7,U+6cfc,U+6d46,U+6dc0,U+6dd1,U+6dd8,U+6deb,U+6e17,U+6e24,U+6e34,U+6ea2,U+6ef4,U+6f6d,U+707f,U+70e4,U+70e6,U+710a,U+722c,U+725f,U+7261,U+727a,U+72ee,U+72f1,U+730e,U+732b,U+739b,U+7433,U+743c,U+7538,U+75b2,U+75bc,U+7624,U+76d2,U+7709,U+7750,U+7779,U+7802,U+788e,U+7897-7898,U+78a7,U+78b1,U+78cb,U+78f7,U+7a0d,U+7a83,U+7a91,U+7aed,U+7b3c,U+7b4b,U+7c92,U+7ca4,U+7cca,U+7eb1,U+7eb9,U+7ef3,U+7ef5,U+7f05,U+7f14,U+7f55,U+7f62,U+7fc1,U+7fe0,U+7ffc,U+8036,U+806a,U+80a0,U+80a4,U+80bf,U+80c3,U+8102,U+8106,U+8154,U+8247,U+8258,U+82cd,U+82f9,U+8328,U+832b,U+8389,U+83ca,U+8404,U+8427,U+845b,U+846c,U+84b8,U+8574,U+8680,U+8695,U+86c7,U+8702,U+886c,U+8896,U+88b1,U+88e4,U+8bbc,U+8bc8,U+8c26,U+8c28,U+8c2d,U+8c6b,U+8d4c,U+8d63,U+8f67,U+8f74,U+8fb0,U+8fc4,U+9006,U+903c,U+9063,U+90a2,U+90b1,U+90c1,U+9177,U+917f,U+9189,U+9493,U+949e,U+94c3,U+94ed,U+94fe,U+9610,U+961c,U+96a7,U+96c7,U+96fe,U+970d,U+978d,U+97e6,U+9877,U+987d,U+9888,U+997c,U+9a84,U+9a91,U+9b42,U+9b45,U+9b54,U+9e2d,U+9e64,U+9e7f,U+9f0e,U+9f20,U+9f9a","diff":0,"charsSize":278},{"name":"e9c3c23e5bdfc50a6f0272849ab27e80.woff2","size":62732,"chars":"U+4e43,U+4ea6,U+4ed3,U+4ef2,U+4eff,U+4f38,U+4f69,U+4fa7,U+4fca,U+4fd7,U+4ff1,U+5021,U+5077,U+5141,U+5151,U+51b6,U+51dd,U+51e4,U+5200,U+5237,U+523a,U+5269,U+5272,U+52d8,U+5401,U+541b,U+5427,U+54a8,U+54f2,U+559d,U+5609,U+5708,U+5723,U+5740,U+575b,U+57c3,U+586b,U+5899,U+58c1,U+594f,U+5976,U+5988,U+59bb,U+59d0-59d1,U+59dc,U+5a18,U+5a31,U+5a92,U+5b54,U+5b5f,U+5b85,U+5b87,U+5bc4,U+5bd2,U+5be8,U+5bff,U+5c1d,U+5c65,U+5ca9,U+5cad,U+5d07,U+5de7,U+5de9,U+5e1d,U+5e7c,U+5f03-5f04,U+5f6d,U+5f70,U+5f79,U+5f92,U+5ffd,U+602a,U+6050,U+6070,U+60dc,U+6108,U+6162,U+6167,U+6170,U+61c2,U+622a,U+6234,U+626b,U+626d,U+6270,U+62b1,U+62bc,U+62c6,U+62d2,U+62dc,U+62df,U+6316,U+6324,U+6355,U+6377,U+63ed,U+640f,U+642c,U+6447,U+6458,U+6478,U+64a4,U+6566,U+65c1,U+65cb,U+65e8,U+65ec,U+65f1,U+6606,U+6628,U+664b,U+6668,U+6682,U+6696,U+66f9,U+66fc,U+66ff,U+6717,U+6734,U+675c,U+676d,U+679a,U+67aa,U+67dc,U+67ec,U+67f3-67f4,U+680f,U+6842,U+6851,U+695a,U+6b20,U+6b23,U+6b32,U+6bc1,U+6bc5,U+6c0f,U+6c57,U+6c60,U+6cea,U+6cf3,U+6d53,U+6d66,U+6d69,U+6d6e,U+6d9b,U+6db2,U+6de1,U+6dee,U+6dfb,U+6eaa,U+6ecb,U+6ed1,U+6eda,U+6ede,U+6ee8-6ee9,U+6f2b,U+704c,U+706d,U+7089,U+708e,U+70ae,U+70b8,U+7126,U+71c3,U+71d5,U+7206,U+7275,U+731b,U+73a9,U+73bb,U+741b,U+7483,U+74dc,U+74f6,U+7532,U+75ab,U+75c7,U+7687,U+76d7,U+788d,U+78e8,U+79d2,U+79e6,U+7a3b,U+7a46,U+7a97,U+7af9,U+7bee,U+7c89,U+7cd6,U+7ea4,U+7eb2,U+7eb5,U+7ebd,U+7ed8,U+7f18,U+8010,U+8017,U+8033,U+8096,U+80c0,U+80f6,U+8138,U+81a8,U+8206,U+8212,U+827e,U+82b3,U+82d7,U+8361,U+8377,U+83b1,U+848b,U+864e,U+865a,U+866b,U+86cb,U+888b,U+8986,U+8bca,U+8bde,U+8c0a,U+8c46,U+8c8c,U+8d29,U+8d3e,U+8d4f,U+8d56,U+8d5a,U+8d60,U+8d62,U+8d6b,U+8e0f,U+8f7f,U+8f85,U+8f88,U+8f96,U+8f9e-8f9f,U+8fdf,U+8fea,U+8ff7,U+9003,U+9012,U+9075,U+90b9,U+90bb,U+90ca,U+9178,U+9192,U+91ca,U+94a6,U+94bb,U+94dc,U+94fa,U+9501,U+9505,U+950b,U+9521,U+955c,U+95f2,U+95f9,U+9634,U+963b,U+966a,U+9675,U+9677,U+9690,U+9694,U+9887,U+9891,U+9897,U+9971-9972,U+9a76,U+9a97,U+9e23,U+9ed8","diff":0,"charsSize":282},{"name":"194f5839731f750c70268578e701839b.woff2","size":62620,"chars":"U+4e08,U+4e1b,U+4e27,U+4e32,U+4e59,U+4e73,U+4ed4,U+4ed9,U+4f0f,U+4fa6,U+4faf,U+5076,U+5085,U+5144,U+5146,U+51af,U+51bb,U+51c9,U+51cc,U+51ef,U+51fd,U+524a,U+5251,U+526a,U+52ab,U+5339,U+5353,U+5389,U+53d9,U+53f9,U+540a,U+5410,U+5415,U+5439,U+5524,U+554a,U+5564,U+558a,U+55b7,U+5634,U+5751,U+575d,U+57a6,U+57cb,U+57d4,U+5806,U+5821,U+5824,U+582a,U+5835,U+5858,U+5893,U+5915,U+5960,U+5999,U+59a5,U+59b9,U+59c6,U+59da,U+59ff,U+5a46,U+5ac1,U+5b64,U+5bb4,U+5bbf,U+5bfa,U+5c16,U+5c18,U+5c3e,U+5c4f,U+5c9a,U+5cb3,U+5cfb,U+5d1b,U+5de1,U+5e3d,U+5eca,U+5ef7,U+5f0a,U+5f18,U+5f7c,U+5fc6,U+5fcd,U+6052,U+6084,U+60a0,U+60ac,U+60b2,U+60d1,U+60e9,U+614e,U+6155,U+6168,U+61c8,U+6208,U+6212,U+6251,U+6291,U+629a,U+62ac,U+62f3,U+62fc,U+6323,U+632a,U+633a,U+6398,U+63cf,U+63d2,U+642d,U+643a,U+649e,U+64c5,U+6500,U+654c,U+658c,U+659c,U+6602,U+6614,U+6664,U+6670,U+6676,U+6697,U+6746,U+679d,U+67cf,U+682a,U+683d,U+6843,U+6846,U+684c,U+68af,U+699c,U+6b67,U+6c1b,U+6c27,U+6c64,U+6c6a,U+6caa,U+6cca,U+6ce1,U+6d12,U+6d3d,U+6d45,U+6d82,U+6db5,U+6e58,U+6e7f,U+6ee5,U+6f02,U+6f0f,U+6f20,U+6f58,U+7070,U+7092,U+70c2,U+7115,U+718a,U+7237-7238,U+7262,U+7272,U+72b9,U+72c2,U+72d7,U+72e0,U+73b2,U+7434,U+74f7,U+751c,U+758f,U+764c,U+7686,U+76c6,U+76fc,U+775b,U+7761,U+77a9,U+7816,U+7855,U+7891,U+78b0,U+78c1,U+79bd,U+7a00,U+7a9d,U+7ae3,U+7bad,U+7c97,U+7d2b,U+7ed2,U+7eea,U+7ef8,U+7f06,U+7f1d,U+7f50,U+7fbd,U+8000,U+809d,U+80a9,U+80c1,U+80ce,U+80f8,U+8109,U+810f,U+8170,U+8179,U+817f,U+819c,U+81e3,U+821f,U+8230,U+8236,U+8273,U+829d,U+82ac,U+8302,U+8305,U+8350,U+83b2,U+83cc,U+83f2,U+840d,U+8461,U+8482,U+84ec,U+8521,U+85aa,U+8679,U+8854,U+886b,U+8870,U+8877,U+8881,U+88ad,U+88c2,U+8bd1,U+8be6,U+8bf1,U+8c31,U+8d24,U+8d2a,U+8d3f,U+8d41,U+8d4b,U+8d64,U+8dcc,U+8e2a,U+8e48,U+8f70,U+8f90,U+8fa9,U+901d,U+9022,U+903e,U+9065,U+90ce,U+916c,U+94a9,U+94dd,U+94f8,U+9510,U+953b,U+95ea,U+95ef,U+9601,U+9605,U+96d5,U+971e,U+9738,U+9875,U+9896,U+989c,U+98d8,U+9a70-9a71,U+9a7e,U+9aa4,U+9b4f,U+9e1f,U+9e3f","diff":0,"charsSize":280},{"name":"0dadfb4d2d26ea25557191197018d5ac.woff2","size":61388,"chars":"U+4e01,U+4e1d,U+4e39,U+4e4c,U+4e4f,U+4e54,U+4e58,U+4e95,U+4ea1,U+4eab,U+4eae,U+4ec1,U+4f10,U+4f19,U+4f26,U+4f2a,U+4f2f,U+4f34,U+4f5b,U+4fa8,U+4fb5,U+503e,U+504f,U+5192,U+51a0,U+51ac,U+51b0,U+51c0,U+51e1,U+51ed,U+5211,U+5242,U+52a3,U+52b2,U+52c3,U+52c7,U+52d2,U+5362,U+5377,U+53a6,U+53e5,U+5417,U+5448,U+54e5,U+5510,U+552f,U+5531,U+5706,U+574f-5750,U+5761,U+5851,U+5854,U+58a8,U+58ee,U+593a,U+5949,U+5954,U+59d3,U+5a5a,U+5b8b,U+5baa-5bab,U+5c0a,U+5c4b,U+5ce1,U+5cf0,U+5e10,U+5e78,U+5e8a,U+5e9f,U+5ec9,U+5f1f,U+5f31,U+5f39,U+5f84,U+5faa,U+5fbd,U+5fd8-5fd9,U+5fe0,U+5fe7,U+6015,U+6062,U+6069,U+6076,U+6089,U+60a3,U+60a8,U+60ca,U+60ef,U+620f,U+624e,U+6263,U+6298,U+62a2,U+62bd,U+62d4,U+62d6,U+62e8,U+6311,U+6350,U+6389,U+638c,U+63f4,U+6446,U+644a,U+6469,U+64cd,U+654f,U+6562,U+656c,U+65d7,U+65e6,U+65fa,U+6653,U+66b4,U+670b,U+6740,U+676f-6770,U+67f1,U+6881,U+6885,U+68a6,U+68cb,U+68ee,U+6982,U+6a2a,U+6b8a,U+6b96,U+6beb,U+6c88-6c89,U+6c9f,U+6cc9,U+6ce5,U+6d01,U+6d17,U+6d1b,U+6d1e,U+6d59,U+6d6a,U+6d8c,U+6da8,U+6df7,U+6e10,U+6e14,U+6e20-6e21,U+6f5c,U+706f,U+70ad,U+70bc,U+70e7,U+714c,U+719f,U+7259,U+7267,U+732a,U+73cd,U+7518,U+7545,U+755c,U+756a,U+7586,U+7591,U+75db,U+76c8,U+76d0,U+76d6,U+76d8,U+76df,U+76f2,U+77db,U+7801,U+795d,U+7965,U+79e9,U+7a3f,U+7a77,U+7a7f,U+7aef,U+7b11,U+7bb1,U+7bc7,U+7c4d,U+7ea0,U+7eaf,U+7ed5,U+7edc,U+7f13,U+7f29,U+7f34,U+7f8a,U+7ffb,U+8015,U+8058,U+805a,U+8083,U+80af,U+80c6,U+80cc,U+80de,U+811a,U+8150,U+817e,U+820d,U+8352,U+83ab,U+8428,U+8463,U+84c4,U+84dd,U+852c,U+8584,U+8861,U+88d5,U+89c8,U+89e6,U+8bcd,U+8bda,U+8be2,U+8bef,U+8bf8,U+8bfa,U+8c0b,U+8c13,U+8c37,U+8c6a,U+8d1d,U+8d34,U+8d3a,U+8d54,U+8d74,U+8d76,U+8da3,U+8dd1,U+8ddd,U+8ddf,U+8df3,U+8f6f,U+8f7d,U+8f91,U+8f9b,U+8fbd,U+8fc1,U+8fc8,U+8fd4,U+8feb,U+8ff9,U+900f,U+9057,U+906d,U+907f-9080,U+90a6,U+90ed,U+91ce,U+9519,U+9526,U+95ed,U+9614,U+9635,U+9644,U+9655,U+9676,U+9686,U+96c5,U+96ea,U+9707,U+9759,U+978b,U+9876,U+9881,U+9910,U+9970,U+9e21,U+9ea6,U+9ebb,U+9ece,U+9f84","diff":0,"charsSize":282},{"name":"ec558440e35eb5293bea900f1004f73f.woff2","size":56556,"chars":"U+4e3d,U+4e4e,U+4e71,U+4e8f,U+4ed8,U+4eea,U+4f0a,U+4f0d,U+4f11,U+4f1f,U+4f24,U+4f30,U+4f3c,U+4f73,U+4fc4,U+500d,U+5012,U+5019,U+501f,U+503a,U+505c,U+507f,U+50a8,U+514d,U+5178,U+517c,U+518c,U+51b2,U+51b7,U+520a,U+5238,U+523b,U+52b1,U+52e4,U+5348,U+535a,U+5361,U+5371,U+5385,U+539a,U+53eb-53ec,U+53f3,U+53f6,U+5409,U+5426,U+542b,U+542f,U+5434,U+5462,U+5473,U+547c,U+54c8,U+54ea,U+559c,U+56fa,U+5733,U+5757,U+5766,U+5802,U+585e,U+590f,U+591c,U+591f,U+5947,U+594b,U+5965,U+5987,U+5a01,U+5b59,U+5b63,U+5b69,U+5b88,U+5b8f,U+5b97,U+5b9c,U+5bbd-5bbe,U+5bfb,U+5c01,U+5c04,U+5c1a,U+5c24,U+5c3c,U+5c97,U+5c9b,U+5cb8,U+5ddd,U+5de6,U+5e01,U+5e2e,U+5e45,U+5e55,U+5e84,U+5e8f,U+5e93,U+5ef6,U+5f02,U+5f52,U+5f55,U+5f69,U+5f7b,U+5f90,U+5fae,U+6000,U+600e,U+6025,U+60e0,U+626c,U+6276,U+6297,U+62b5,U+62cd,U+62d3,U+62e5,U+62e9,U+62ff,U+6302,U+632f,U+63e1,U+6444,U+64ad,U+653b,U+6551,U+6563,U+65a4,U+65e7,U+660c,U+6620,U+667a,U+66f2,U+671d,U+672b,U+6731,U+6742,U+675f,U+6768,U+677e-677f,U+6790,U+67b6,U+67d3,U+6863,U+6865,U+68b0,U+68c9,U+690d,U+6b4c,U+6b7b,U+6b8b,U+6bcd,U+6bd2,U+6bd5,U+6c38,U+6c61,U+6cbf,U+6cdb,U+6cf0,U+6d25,U+6d2a,U+6d89,U+6da6,U+6e29,U+6f6e,U+6fb3,U+7075,U+707e,U+70df,U+7164,U+7236,U+725b,U+7389,U+73e0,U+745e,U+74e6,U+751a,U+7533,U+7537,U+75be,U+76ae,U+76db,U+76fe,U+786c,U+793c,U+7956,U+7981,U+79c0,U+79cb,U+79d8,U+79df,U+79fb,U+7adf,U+7ae5,U+7b14,U+7b26,U+7b54,U+7b79,U+7b80,U+7d2f,U+7e41,U+7eb8,U+7eba,U+7ec3,U+7ec6,U+7ee9,U+7eff,U+7f5a,U+7f6a,U+7f72,U+8089,U+80a5,U+80e1,U+8111,U+8131,U+821e,U+822c,U+8239,U+8270,U+82e5,U+8336,U+8499,U+8651,U+867d,U+8840,U+8857,U+8863,U+88c1,U+89c9,U+89d2,U+8a89,U+8ba2,U+8bc9,U+8bd7,U+8bed,U+8bfe,U+8c01,U+8c22,U+8d21,U+8d25,U+8d2f,U+8d5e,U+8d75,U+8d8b,U+8dc3,U+8de8,U+8df5,U+8f68,U+8f6e,U+8f86,U+8f89,U+8fc5,U+8fdd,U+8ff0,U+8ffd,U+9000,U+9014,U+904d,U+9093,U+90ae,U+90d1,U+9274,U+949f,U+952e,U+969c,U+96c4,U+96e8,U+96f6-96f7,U+9732,U+97e9,U+987a,U+987f,U+996d-996e,U+9a7b,U+9aa8,U+9c7c,U+9c81,U+9c9c,U+9e4f,U+9f13,U+9f50","diff":0,"charsSize":282},{"name":"5d4cf94dd5728ab2c7f8317e2fa45ecc.woff2","size":53692,"chars":"U+4e13,U+4e25,U+4e3e,U+4e48,U+4e5d,U+4e61,U+4e89,U+4e94,U+4e9a,U+4ebf,U+4ec5,U+4ef6,U+4efd,U+4f17-4f18,U+4f20,U+4f4f,U+4f55,U+4f9b,U+4f9d,U+4fe1,U+503c,U+505a,U+5149,U+514b,U+516b,U+5174,U+5177,U+517b,U+518d,U+519b,U+51b5,U+51c6,U+51e0,U+5212,U+5217,U+5219,U+521b,U+522b,U+526f,U+529f,U+52b3,U+52bf,U+5305,U+533b,U+5343,U+534f,U+5355,U+5360,U+5373,U+5386,U+539f,U+53bf,U+53c2,U+53c8,U+53cd,U+53d6-53d8,U+53ea,U+53f0,U+53f2,U+544a,U+5468,U+547d,U+552e,U+56db,U+56de,U+56e2,U+571f,U+5747,U+575a,U+578b,U+5883,U+58eb,U+5904,U+5907,U+590d,U+592e,U+5931,U+5934,U+5973,U+5979,U+59cb,U+5b58,U+5b83,U+5b8c,U+5ba2,U+5bcc,U+5c11,U+5c14,U+5c40,U+5dde,U+5df1,U+5e03,U+5e08,U+5e26,U+5e2d,U+5e38,U+5e72,U+5e9c,U+5f0f,U+5f15,U+5f20,U+5f62,U+5f71,U+5f88,U+5f8b,U+5fb7,U+5fc5,U+5fd7,U+5feb,U+601d,U+606f,U+60f3,U+611f,U+6216,U+6218,U+6237,U+623f,U+624b,U+624d,U+6253,U+6279,U+6293,U+62a4,U+62c9,U+6307,U+6309,U+636e,U+63a5,U+63a8,U+652f,U+6548,U+6570,U+6574,U+6599,U+65ad,U+65af,U+65bd,U+65cf,U+6613,U+66f4,U+670d,U+671b,U+672a,U+6743,U+674e,U+6781,U+6784,U+6797,U+679c,U+67e5,U+6807,U+6821,U+6837,U+6839,U+683c,U+6848,U+68c0,U+6a21,U+6b3e,U+6bb5,U+6bcf,U+6c14,U+6c42,U+6c5f,U+6ca1,U+6cb3,U+6cb9,U+6cbb,U+6d41,U+6d88,U+6df1,U+6e05,U+6e2f,U+6e38,U+6e90,U+70ed,U+7167,U+7387,U+738b,U+73af,U+767e,U+76ca,U+76f4,U+770b,U+771f,U+77e5,U+77f3,U+7814,U+7840,U+786e,U+793a,U+795e,U+79ef,U+7a0e,U+7a76,U+7b56,U+7c73,U+7c7b,U+7cbe,U+7ea6-7ea7,U+7eaa,U+7ebf,U+7ec7,U+7ed9,U+7eed,U+7fa4,U+8001,U+8003,U+804c,U+8054,U+80a1,U+80b2,U+81f3,U+8272,U+827a,U+8282,U+82b1,U+8303,U+83b7,U+843d,U+88ab,U+88c5,U+89c1-89c2,U+89c6,U+8ba4,U+8baf,U+8bb8,U+8bba,U+8bbf,U+8bc1,U+8bc4,U+8bc6,U+8bdd,U+8be5,U+8c08,U+8c61,U+8d1f,U+8d22-8d23,U+8d27-8d28,U+8d38-8d39,U+8d5b,U+8d70,U+8d8a,U+8db3,U+8eab,U+8f6c,U+8f83,U+8fd0-8fd1,U+8fde,U+9009,U+901f-9020,U+90a3,U+914d,U+91c7,U+94b1,U+94f6,U+9500,U+9547,U+95fb,U+961f,U+9632,U+9650,U+96be,U+9700,U+9752,U+975e,U+989d,U+98ce,U+98df,U+9996,U+9a6c,U+9a8c","diff":0,"charsSize":282},{"name":"8518176c087207b5af90dbb9c6afaa41.woff2","size":54864,"chars":"U+4e03,U+4e14,U+4e30,U+4e34,U+4e45,U+4e50,U+4e60,U+4e70,U+4e88,U+4e91-4e92,U+4ea9,U+4eb2,U+4ec0,U+4ecb,U+4ecd,U+4ee4,U+4f4e,U+4f59,U+4f60,U+4f8b,U+4fbf,U+4fc3,U+4fee,U+5047,U+5065,U+50cf,U+513f,U+5145,U+516d,U+5170,U+5175,U+5199,U+51cf,U+51fb,U+5207,U+5218,U+521a,U+521d,U+5224,U+5267,U+52a9-52aa,U+5347,U+534a,U+5356,U+536b,U+5370,U+5374,U+538b,U+53cb-53cc,U+53e4,U+53e6,U+53f7,U+5403,U+5428,U+542c,U+5438,U+54cd,U+5584,U+5668,U+56ed,U+56f0,U+56f4,U+56fe,U+57df,U+57f9,U+58f0,U+592a-592b,U+5956-5957,U+5b57,U+5b81,U+5b98,U+5b9d,U+5ba1,U+5ba3-5ba4,U+5bb3,U+5bb9,U+5bc6,U+5bdf,U+5c3d,U+5c42,U+5c45,U+5c4a,U+5c5e,U+5c81,U+5de8,U+5dee,U+5df4,U+5e0c,U+5e86,U+5e95,U+5e97,U+5ea7,U+5ead,U+5eb7,U+5f80-5f81,U+5f85,U+5ff5,U+6001,U+613f,U+6258,U+6267,U+6269,U+627e-627f,U+62c5,U+62db,U+62ec,U+6325,U+635f,U+6362,U+6388,U+6392,U+63a2,U+63a7,U+63aa,U+641e,U+6545,U+6597,U+65c5,U+65e2,U+65e9,U+661f,U+6625,U+663e,U+665a,U+666e-666f,U+66fe,U+6728,U+6750,U+67d0,U+6811,U+6838,U+697c,U+6b22,U+6b27,U+6b62,U+6b66,U+6bdb,U+6c47,U+6c49,U+6c7d,U+6c99,U+6ce2,U+6ce8,U+6cfd,U+6d0b,U+6d32,U+6d3e,U+6d4b,U+6e56,U+6e7e,U+6ee1,U+6f14,U+6fc0,U+706b,U+70c8,U+7231,U+7247-7248,U+724c,U+72af,U+72b6,U+72ec,U+732e,U+73ed,U+7403,U+7530,U+753b,U+7559,U+7565,U+7597,U+75c5,U+767b,U+767d,U+76d1,U+773c,U+7763,U+77ed,U+77ff,U+7834,U+7968,U+798f,U+79bb,U+79c1,U+79f0,U+7a33,U+7a7a,U+7a81,U+7ad9,U+7ade,U+7ae0,U+7b51,U+7b7e,U+7b97,U+7cae,U+7d20,U+7d22,U+7d27,U+7ea2,U+7eb3,U+7eb7,U+7ec8,U+7ecd,U+7edd,U+7ee7,U+7ef4,U+7efc,U+7f16,U+7f3a,U+7f51,U+7f57,U+7f6e,U+80dc,U+81f4,U+822a,U+826f,U+82cf,U+82e6,U+82f1,U+8349,U+8363,U+836f,U+83dc,U+8457,U+85cf,U+878d,U+8865,U+8a00,U+8b66,U+8ba8-8ba9,U+8bad,U+8bb2,U+8bd5,U+8bf7,U+8bfb,U+8d2b,U+8d2d,U+8d35,U+8d37,U+8d85,U+8f7b,U+8f93,U+8fb9,U+8fce,U+8fdc,U+9001-9002,U+9010,U+9047,U+9152,U+9488,U+94a2,U+94c1,U+9633,U+9636,U+963f,U+9646,U+9648,U+964d,U+9664,U+9669,U+968f,U+9760,U+97f3,U+987b,U+987e,U+9884,U+98de,U+9986,U+9999,U+9ec4,U+9ed1,U+9f99","diff":0,"charsSize":282},{"name":"ba415b196e343dca401cf2b94b160259.woff2","size":45296,"chars":"U+2e3a,U+3001-3002,U+3008-3011,U+3014-3017,U+4e00,U+4e07,U+4e09-4e0b,U+4e0d-4e0e,U+4e16,U+4e1a,U+4e1c,U+4e24,U+4e2a,U+4e2d,U+4e3a-4e3b,U+4e49,U+4e4b,U+4e5f,U+4e66,U+4e86,U+4e8b-4e8c,U+4e8e,U+4e9b,U+4ea4,U+4ea7,U+4eac,U+4eba,U+4eca,U+4ece,U+4ed6,U+4ee3,U+4ee5,U+4eec,U+4ef7,U+4efb,U+4f01,U+4f1a,U+4f46,U+4f4d,U+4f53,U+4f5c,U+4f7f,U+4fdd,U+5143,U+5148,U+515a,U+5165,U+5168,U+516c,U+5171,U+5173,U+5176,U+5185,U+519c,U+51b3,U+51fa,U+5206,U+5229,U+5230,U+5236,U+524d,U+529b,U+529e,U+52a0-52a1,U+52a8,U+5316-5317,U+533a,U+5341,U+534e,U+5357,U+5382,U+53bb,U+53ca,U+53d1,U+53e3,U+53ef,U+53f8,U+5404,U+5408,U+540c-540e,U+5411,U+5458,U+548c,U+54c1,U+5546,U+56e0,U+56fd,U+5728,U+5730,U+573a,U+57ce,U+57fa,U+589e,U+5916,U+591a,U+5927,U+5929,U+597d,U+5982,U+59d4,U+5b50,U+5b66,U+5b89,U+5b9a,U+5b9e,U+5bb6,U+5bf9,U+5bfc,U+5c06,U+5c0f,U+5c31,U+5c55,U+5c71,U+5de5,U+5df2,U+5e02,U+5e73-5e74,U+5e76,U+5e7f,U+5e94,U+5ea6,U+5efa,U+5f00,U+5f3a,U+5f53,U+5f97,U+5fc3,U+6027,U+603b,U+60c5,U+610f,U+6210-6211,U+6240,U+6280,U+628a,U+6295,U+62a5,U+6301,U+63d0,U+6536,U+6539,U+653e-653f,U+6559,U+6587,U+65b0,U+65b9,U+65e0,U+65e5,U+65f6,U+660e,U+662f,U+6700,U+6708-6709,U+671f,U+672c,U+672f,U+673a,U+6751,U+6761,U+6765,U+6b21,U+6b63-6b65,U+6bd4,U+6c11,U+6c34,U+6cd5,U+6d3b,U+6d4e,U+6d77,U+70b9,U+7136,U+7269,U+7279,U+73b0,U+7406,U+751f,U+7528,U+7531,U+7535,U+754c,U+7684,U+76ee,U+76f8,U+7740,U+793e,U+79cd,U+79d1,U+7a0b,U+7acb,U+7b2c,U+7b49,U+7ba1,U+7cfb,U+7ec4,U+7ecf,U+7ed3,U+7edf,U+7f8e,U+8005,U+800c,U+80fd,U+81ea,U+8425,U+884c,U+8868,U+897f,U+8981,U+89c4,U+89e3,U+8ba1,U+8bae,U+8bb0,U+8bbe,U+8bf4,U+8c03,U+8d44,U+8d77,U+8def,U+8f66,U+8fbe,U+8fc7,U+8fd8-8fd9,U+8fdb,U+901a,U+9053,U+90e8,U+90fd,U+91cc-91cd,U+91cf,U+91d1,U+957f,U+95e8,U+95ee,U+95f4,U+9645,U+9662,U+96c6,U+9762,U+9769,U+9879,U+9886,U+9898,U+9ad8,U+e796,U+fe17-fe18,U+fe30,U+fe34,U+ff61-ff64","diff":0,"charsSize":282},{"name":"46cde891fc308cef51e279c85e195c30.woff2","size":55588,"chars":"U+975d,U+9764,U+9766,U+9768,U+976b,U+976d,U+9770-9771,U+9778-977a,U+977f,U+9781,U+9784,U+9786,U+978f-9790,U+979c,U+97a1,U+97a6-97a8,U+97ac,U+97b3,U+97bd,U+97c1,U+97c3,U+97c6,U+97c8-97c9,U+97cb-97cc,U+97d3,U+97d9,U+97dc,U+97de,U+97e1,U+97ee,U+97f2,U+97fb,U+97ff,U+9801-9803,U+9805-9808,U+980a,U+980c,U+980e-9813,U+9815,U+9817-9818,U+981a,U+981c,U+9821,U+9823-9824,U+9826,U+982b-982d,U+9830,U+9832,U+9834,U+9837-9839,U+983b-983d,U+9846,U+984b-984f,U+9852-9855,U+9857-985b,U+985e,U+9862,U+9865,U+9867,U+986b-986c,U+986f-9871,U+9873-9874,U+988e,U+9899,U+98a8,U+98aa,U+98ae-98af,U+98b1,U+98b3,U+98b6,U+98ba,U+98bc,U+98c3-98c4,U+98c6,U+98c8,U+98db-98dc,U+98e0,U+98e2,U+98e9-98eb,U+98ed-98ef,U+98f2,U+98f4,U+98fc-98fe,U+9903,U+9905,U+9909-990a,U+990c,U+9911-9914,U+9918,U+991a-991b,U+991d-991e,U+9920-9921,U+9924,U+9927-9928,U+992c,U+9932-9933,U+9935,U+9937-9938,U+993c-993f,U+9942-9943,U+9945,U+9948-994c,U+9950-9952,U+9957,U+995c,U+995e,U+9962,U+9978-9979,U+9983,U+999c-999e,U+99a1,U+99a6","diff":0,"charsSize":185},{"name":"9dc99c578d266c5fca38b9a1d857b241.woff2","size":51812,"chars":"U+849d-849f,U+84a8,U+84ad,U+84bb-84bc,U+84c0,U+84c2,U+84c6,U+84cb,U+84cf,U+84d9-84da,U+84dc,U+84ea,U+84ee-84ef,U+84f4,U+84fd,U+8500,U+8506,U+8514-8515,U+8518,U+851e,U+8523,U+8525-8526,U+852d,U+8534-8535,U+8540-8541,U+8545-8546,U+854b,U+854e,U+8552-8553,U+8555,U+8557-8558,U+855a,U+8562-8563,U+8565,U+8569-856d,U+8573,U+8577,U+8580-8581,U+8586,U+8588,U+858a,U+858c,U+8590-8591,U+8594,U+8597,U+8599,U+859f,U+85a6,U+85a9,U+85ab-85ac,U+85b3,U+85b6,U+85b8,U+85ba,U+85be,U+85c3,U+85cd-85ce,U+85dd,U+85e0,U+85e5,U+85ea,U+85f4,U+85f6-85f7,U+85f9-85fa,U+85fe,U+8602,U+8604,U+8606-8607,U+860a-860b,U+8610,U+8613,U+8617,U+861a,U+861e,U+8622,U+862d,U+862f-8630,U+863a,U+863f,U+8655,U+865b-865c,U+865f,U+8667,U+866f,U+86ab,U+86bb,U+86cd,U+86ec,U+86ef,U+86fa-86fb,U+8705-8706,U+8711,U+873a,U+874b,U+8752,U+8755,U+875b,U+875d,U+875f,U+8766,U+8768,U+876a,U+8772,U+8778-8779,U+877f,U+8784,U+8794-8795,U+879e,U+87a0,U+87a2-87a3,U+87b7,U+87bb,U+87bf,U+87c4-87c5,U+87c7-87c8,U+87ce,U+87d0,U+87e3,U+87e7,U+87ec,U+87ef,U+87f2-87f4,U+87f6-87f7,U+87fb,U+8802,U+8805-8807,U+880d-8811,U+8814,U+8818,U+881f,U+8823,U+8827,U+8831,U+8835-8836,U+883b,U+8842,U+8846,U+884a","diff":0,"charsSize":182},{"name":"1f6b05e24c8abef045bdbe0580e04438.woff2","size":24916,"chars":"U+20-7f,U+a0-a4,U+b2-b3,U+b9,U+300-304,U+306,U+30b-30c,U+2002-2003,U+2044,U+2070,U+2074-2079,U+2080-2089,U+fb01-fb02,U+fe13-fe16,U+ff01-ff48,U+ff4b,U+ff4d-ff53,U+ff55-ff5e,U+ffe0-ffe1","diff":52,"charsSize":230},{"name":"6a69ef67024ebc9b88d447ce8a34e03b.woff2","size":12360,"chars":"U+17d-17f,U+18f,U+192,U+197,U+1a0-1a1,U+1af-1b0,U+1c4-1dc,U+1de-1e1,U+1e6-1e8,U+1ea-1eb,U+1f4-1f5,U+1f8-217,U+21e-21f,U+226-227,U+22a-233,U+237,U+244,U+254,U+259,U+25b,U+268,U+289,U+1e08-1e09,U+1e0c-1e0f,U+1e14-1e17,U+1e1c-1e1d,U+1e20-1e21,U+1e24-1e25,U+1e2a-1e2b,U+1e2e-1e2f,U+1e36-1e37,U+1e3a-1e3b,U+1e3e-1e3f,U+1e42-1e49,U+1e4c-1e53,U+1e5a-1e5b,U+1e5e-1e69,U+1e6c-1e6f,U+1e72-1e73,U+1e78-1e7b,U+1e80-1e85,U+1e8e-1e8f,U+1e92-1e93,U+1e97,U+1e9e,U+1ef2-1ef9,U+20a1,U+20a3-20a4,U+20a6-20a7,U+20a9-20ab,U+20ad,U+20b1-20b2,U+20b4-20b5,U+20b9-20ba,U+20bc-20bd,U+2113","diff":0,"charsSize":203},{"name":"ce2673bc797f43e6e66e77b40cbe48a5.woff2","size":15572,"chars":"U+a5-b1,U+b4-b8,U+ba-17c,U+218-21b,U+2bb-2bc,U+2c6,U+2da,U+2dc,U+308,U+2000-2001,U+2004-2010,U+2012-2016,U+2018-201a,U+201c-201e,U+2020-2022,U+2025-2027,U+202f-2030,U+2032-2033,U+2035,U+2039-203c,U+203e,U+2042,U+2047-2049,U+2051,U+20ac,U+2122,U+2191,U+2193,U+2212,U+2215,U+fe31-fe32,U+ffe2-ffe5","diff":0,"charsSize":282},{"name":"2c4517f89ef530f96bf57456e3ae1f6e.woff2","size":50336,"chars":"U+9daf,U+9db2,U+9db4,U+9db8,U+9dba-9dbc,U+9dbf-9dc2,U+9dc4,U+9dc6,U+9dcf,U+9dd3,U+9dd7,U+9dd9-9dda,U+9ddd,U+9de5-9de6,U+9ded,U+9def-9df0,U+9df2-9df4,U+9df8-9dfa,U+9dfd,U+9e0c,U+9e15,U+9e19-9e1b,U+9e1d-9e1e,U+9e2e,U+9e3b,U+9e50,U+9e6e,U+9e75,U+9e78-9e7a,U+9e7c-9e7d,U+9e81,U+9e8c,U+9e91,U+9e95,U+9e97,U+9ea5,U+9ea9-9eaa,U+9ead,U+9eb5-9eb6,U+9eb9-9eba,U+9ebc,U+9ebf,U+9ec3,U+9ecc,U+9ed0,U+9ed2,U+9ed7,U+9ed9,U+9ede,U+9ee8,U+9ef2,U+9ef4,U+9ef6-9ef7,U+9efd,U+9eff,U+9f07-9f09,U+9f15,U+9f21,U+9f34,U+9f41,U+9f46,U+9f49-9f4b,U+9f4e-9f4f,U+9f52,U+9f54,U+9f56,U+9f59,U+9f5c,U+9f5f-9f63,U+9f66-9f67,U+9f6a,U+9f6c,U+9f72,U+9f74,U+9f76-9f77,U+9f7b,U+9f8d-9f8e,U+9f90,U+9f94-9f95,U+9f98,U+9f9c-9f9d,U+9fa2,U+9fb9,U+e774-e77c,U+e7c9-e7cb,U+e7cd-e7e1,U+f8ff,U+f929,U+f9dc,U+fa0e-fa1f","diff":0,"charsSize":173},{"name":"261cb796f5f9732e58ab354f99eeb670.woff2","size":50428,"chars":"U+6499,U+8014,U+80d9,U+8159,U+89dc,U+8e9c,U+9139,U+9bd3-9bd4,U+9bd6-9bd7,U+9bdb,U+9bdd,U+9be1-9be4,U+9be7-9be8,U+9bea-9beb,U+9bee,U+9bf0-9bf2,U+9bf4-9bf5,U+9bf7,U+9bfd,U+9bff-9c00,U+9c02,U+9c04,U+9c06-9c0a,U+9c0c-9c0d,U+9c10,U+9c12-9c15,U+9c17,U+9c1b,U+9c20-9c21,U+9c23-9c25,U+9c28-9c29,U+9c2d-9c33,U+9c35,U+9c37,U+9c39-9c3b,U+9c3e,U+9c45-9c49,U+9c52,U+9c54,U+9c56-9c5a,U+9c5d,U+9c5f-9c60,U+9c67,U+9c6d,U+9c72,U+9c76-9c78,U+9c7a-9c7b,U+9c80,U+9cb0,U+9cc0,U+9ce5,U+9ce7,U+9ce9,U+9ceb-9cec,U+9cf0,U+9cf3-9cf4,U+9cf6,U+9d03,U+9d06-9d09,U+9d0e,U+9d12,U+9d15,U+9d1b,U+9d1d-9d1f,U+9d23,U+9d26,U+9d28,U+9d2a-9d2c,U+9d2f-9d30,U+9d34,U+9d3b,U+9d3e-9d3f,U+9d41-9d42,U+9d44,U+9d46,U+9d48,U+9d50-9d53,U+9d59,U+9d5c-9d61,U+9d64,U+9d6a-9d6c,U+9d6f-9d70,U+9d72,U+9d7a-9d7b,U+9d87,U+9d89,U+9d8f,U+9d93,U+9d96,U+9d98,U+9d9a,U+9da4-9da5,U+9da9,U+9dab","diff":0,"charsSize":162},{"name":"3d59453a667668f261e7807b00570c2d.woff2","size":49436,"chars":"U+7dc1,U+7dc4,U+7dc7-7dc8,U+7dca-7dcb,U+7dcf,U+7dd1-7dd2,U+7dd4-7dda,U+7ddc-7de1,U+7de3-7de4,U+7de6,U+7de8-7dea,U+7dec,U+7def,U+7df1-7df2,U+7df4,U+7df6,U+7df9,U+7dfb,U+7e01,U+7e04-7e05,U+7e08-7e0b,U+7e10-7e12,U+7e15-7e16,U+7e1b,U+7e1d-7e23,U+7e26-7e27,U+7e2b,U+7e2d-7e2f,U+7e31-7e32,U+7e34-7e37,U+7e39-7e3a,U+7e3d-7e3e,U+7e43,U+7e45-7e46,U+7e48,U+7e4a-7e4b,U+7e4d-7e50,U+7e52,U+7e54-7e56,U+7e59-7e5a,U+7e5d-7e5e,U+7e61-7e62,U+7e66-7e67,U+7e69-7e6b,U+7e6d-7e70,U+7e73,U+7e77,U+7e79,U+7e7b-7e7f,U+7e83,U+7e87-7e8a,U+7e8c-7e90,U+7e92-7e94,U+7e96,U+7e98-7e99,U+7e9c,U+7eb4,U+7f3d,U+7f43,U+7f47-7f48,U+7f4c-7f4e,U+7f60,U+7f63,U+7f67,U+7f6b,U+7f70,U+7f75-7f78,U+7f7d,U+7f82-7f83,U+7f85-7f88,U+7f8b,U+7f91,U+7f93,U+7fa2-7fa3,U+7fa5,U+7fa8-7fa9,U+7fae,U+7fb4,U+7fb6,U+7fc0,U+7fc3,U+7fc6,U+7fcb","diff":0,"charsSize":165},{"name":"9eb01992a2f5f4aab4556e7bdfa26fcc.woff2","size":49280,"chars":"U+99ac-99ae,U+99b1,U+99b3-99b4,U+99bc,U+99c1,U+99c4-99c6,U+99c8-99c9,U+99d0-99d2,U+99d4-99d5,U+99d8-99d9,U+99db,U+99dd,U+99df,U+99e1-99e2,U+99ea,U+99ed-99ee,U+99f1-99f2,U+99f8,U+99fb,U+99ff,U+9a01-9a02,U+9a04-9a05,U+9a0b,U+9a0d-9a0f,U+9a12-9a13,U+9a16,U+9a19,U+9a28,U+9a2b,U+9a2d-9a2e,U+9a30,U+9a35-9a38,U+9a3e,U+9a40-9a45,U+9a4a,U+9a4d-9a4f,U+9a52,U+9a55,U+9a57,U+9a5a-9a5b,U+9a5f,U+9a62,U+9a64-9a65,U+9a69-9a6b,U+9a8e,U+9aad,U+9aaf,U+9abe-9abf,U+9ac4,U+9ac8,U+9acf,U+9ad2,U+9ad4-9ad6,U+9ad9,U+9adc,U+9ade,U+9ae2-9ae3,U+9aea,U+9aee,U+9af1,U+9af4,U+9af7,U+9b06,U+9b0d,U+9b16,U+9b18,U+9b1a,U+9b1e,U+9b22,U+9b25,U+9b27-9b2a,U+9b2e,U+9b31,U+9b46,U+9b4e,U+9b58,U+9b5a,U+9b5c,U+9b5f-9b60,U+9b69,U+9b6c,U+9b6f,U+9b72,U+9b74-9b75,U+9b77,U+9b7d,U+9b81,U+9b83,U+9b8a,U+9b8e-9b98,U+9b9a,U+9b9d-9ba2,U+9ba8,U+9baa-9bab,U+9bad-9bae,U+9bb1,U+9bb4,U+9bb8-9bb9,U+9bbb,U+9bc0-9bc1,U+9bc6-9bca,U+9bcf,U+9bd1-9bd2","diff":0,"charsSize":169},{"name":"9b661c2a4e9c61558810bd9b9bf029f5.woff2","size":47016,"chars":"U+92e5-92ea,U+92ed-92f3,U+92f6,U+92f8-92fc,U+92ff-9302,U+9304,U+9306-9308,U+930f-9312,U+9315,U+9318-931b,U+931d-9326,U+9328-932c,U+932e-932f,U+9331-9333,U+9335-9336,U+9338,U+933a-933c,U+9340-9341,U+9343-9344,U+9346-9348,U+934a-934d,U+934f,U+9352,U+9354,U+9356-9358,U+935a-935c,U+9360,U+9364-9365,U+9369,U+936c,U+936e,U+9370-9371,U+9375-9376,U+9379-937a,U+937c,U+937e,U+9382,U+9384-9385,U+9387,U+938a,U+938c,U+9394,U+9396-9398,U+939a-939b,U+939d,U+93a1-93a4,U+93a6-93a7,U+93a9-93aa,U+93ac-93ae,U+93b0,U+93b3,U+93b5,U+93b8-93b9,U+93bf-93c0,U+93c2-93c4,U+93c6-93c8,U+93cc-93cd,U+93d0-93d1,U+93d7-93d8,U+93dc-93df,U+93e1-93e2,U+93e4-93e5,U+93e8,U+93f5,U+93f7-93f9,U+93fd,U+9403,U+9407,U+940b,U+940f-9410,U+9412-9414,U+9418-941a,U+941d,U+9420-9421,U+9426-9428,U+942b,U+942e","diff":0,"charsSize":172},{"name":"7fd032adacaa78b0a7ea6eea75acf815.woff2","size":14652,"chars":"U+69-6a,U+6c,U+74,U+fa20-fa2d,U+fe45-fe46,U+fe49-fe4f,U+fe55,U+ff49-ff4a,U+ff4c,U+ff54,U+ff5f-ff60,U+ff65-ff66,U+ff71-ff9f,U+ffe8,U+1f110-1f129,U+1f130-1f149,U+1f150-1f169,U+1f250-1f251,U+20cd0,U+25ed7,U+2c27c,U+2f8d2","diff":0,"charsSize":168}],"record":[{"name":"","start":8155.5999999940395,"end":8185.9000000059605},{"name":"","start":8188,"end":8192.300000011921},{"name":"","start":8194,"end":8231.200000017881},{"name":"","start":8233,"end":8234.59999999404},{"name":"","start":8236.09999999404,"end":8252.200000017881},{"name":"","start":8253.300000011921,"end":8254.59999999404},{"name":"","start":8255.800000011921,"end":8556.90000000596},{"name":"","start":8558,"end":17005.09999999404},{"name":"","start":17098,"end":17192.30000001192},{"name":"","start":17273.5,"end":19547.70000001788}],"version":"4.11.2","env":{"envName":"browser","runtime":{"name":"javascript","version":"Mozilla/5.0 (Windows NT 10.0; Win64; x64) AppleWebKit/537.36 (KHTML, like Gecko) Chrome/122.0.0.0 Safari/537.36 Edg/122.0.0.0"},"os":{"name":"","version":"","build_number":"Mozilla/5.0 (Windows NT 10.0; Win64; x64) AppleWebKit/537.36 (KHTML, like Gecko) Chrome/122.0.0.0 Safari/537.36 Edg/122.0.0.0"},"device":{"cpus":6,"locale":"zh-CN","model":"","manufacturer":"Mozilla/5.0 (Windows NT 10.0; Win64; x64) AppleWebKit/537.36 (KHTML, like Gecko) Chrome/122.0.0.0 Safari/537.36 Edg/122.0.0.0","architecture":""},"createdTime":"Thu, 07 Mar 2024 10:15:18 GMT"},"bundleMessage":{"originLength":6168772,"ttfLength":6168772,"originSize":14260,"bundledSize":14264,"bundledTotalLength":3115492}}